;;gcomponents;gnontrivial;gpredicates;grules;gconstraints;nbredgefacts;nbredgepred;defjoin;normalization;heuristic;dw;jumpy;frumpy;crafty;none;nopre
../dominating_set_benchmark/dominating_set_dynamic.lp;instances/size_15/probability_0.15/instance_n15_p0.15_006.lp;14.0;1.0;9.0;5.0;2.0;35.0;1.0;1.0;semi;min-degree;5.0;0.14;0.16;0.15;0.15;0.15
../dominating_set_benchmark/dominating_set_dynamic.lp;instances/size_15/probability_0.15/instance_n15_p0.15_006.lp;14.0;1.0;9.0;5.0;2.0;35.0;1.0;0.0;semi;min-degree;5.0;13.28;13.83;13.31;13.80;15.58
../dominating_set_benchmark/dominating_set_dynamic.lp;instances/size_15/probability_0.15/instance_n15_p0.15_006.lp;14.0;1.0;9.0;5.0;2.0;35.0;1.0;1.0;weak;min-degree;5.0;0.13;0.13;0.12;0.13;0.13
../dominating_set_benchmark/dominating_set_dynamic.lp;instances/size_15/probability_0.15/instance_n15_p0.15_006.lp;14.0;1.0;9.0;5.0;2.0;35.0;1.0;0.0;weak;min-degree;5.0;11.86;12.37;12.03;12.34;14.62
../dominating_set_benchmark/dominating_set_dynamic.lp;instances/size_15/probability_0.15/instance_n15_p0.15_006.lp;14.0;1.0;9.0;5.0;2.0;35.0;1.0;0.0;none;min-degree;5.0;0.09;0.08;0.08;0.08;0.08
../dominating_set_benchmark/dominating_set_dynamic.lp;instances/size_15/probability_0.15/instance_n15_p0.15_011.lp;14.0;1.0;9.0;5.0;2.0;35.0;1.0;1.0;semi;min-degree;5.0;1.53;1.54;1.48;1.53;1.74
../dominating_set_benchmark/dominating_set_dynamic.lp;instances/size_15/probability_0.15/instance_n15_p0.15_011.lp;14.0;1.0;9.0;5.0;2.0;35.0;1.0;0.0;semi;min-degree;5.0;11.67;11.99;11.63;11.92;13.71
../dominating_set_benchmark/dominating_set_dynamic.lp;instances/size_15/probability_0.15/instance_n15_p0.15_011.lp;14.0;1.0;9.0;5.0;2.0;35.0;1.0;1.0;weak;min-degree;5.0;1.53;1.57;1.55;1.57;1.83
../dominating_set_benchmark/dominating_set_dynamic.lp;instances/size_15/probability_0.15/instance_n15_p0.15_011.lp;14.0;1.0;9.0;5.0;2.0;35.0;1.0;0.0;weak;min-degree;5.0;13.35;13.78;13.37;13.70;16.33
../dominating_set_benchmark/dominating_set_dynamic.lp;instances/size_15/probability_0.15/instance_n15_p0.15_011.lp;14.0;1.0;9.0;5.0;2.0;35.0;1.0;0.0;none;min-degree;5.0;1.48;1.45;1.57;1.50;1.48
../dominating_set_benchmark/dominating_set_dynamic.lp;instances/size_15/probability_0.15/instance_n15_p0.15_013.lp;14.0;1.0;9.0;5.0;2.0;36.0;1.0;1.0;semi;min-degree;5.0;0.16;0.15;0.15;0.15;0.16
../dominating_set_benchmark/dominating_set_dynamic.lp;instances/size_15/probability_0.15/instance_n15_p0.15_013.lp;14.0;1.0;9.0;5.0;2.0;36.0;1.0;0.0;semi;min-degree;5.0;8.49;8.65;8.51;8.64;10.49
../dominating_set_benchmark/dominating_set_dynamic.lp;instances/size_15/probability_0.15/instance_n15_p0.15_013.lp;14.0;1.0;9.0;5.0;2.0;36.0;1.0;1.0;weak;min-degree;5.0;0.14;0.13;0.13;0.13;0.14
../dominating_set_benchmark/dominating_set_dynamic.lp;instances/size_15/probability_0.15/instance_n15_p0.15_013.lp;14.0;1.0;9.0;5.0;2.0;36.0;1.0;0.0;weak;min-degree;5.0;8.26;8.59;8.30;8.52;11.13
../dominating_set_benchmark/dominating_set_dynamic.lp;instances/size_15/probability_0.15/instance_n15_p0.15_013.lp;14.0;1.0;9.0;5.0;2.0;36.0;1.0;0.0;none;min-degree;5.0;0.03;0.02;0.02;0.02;0.02
../dominating_set_benchmark/dominating_set_dynamic.lp;instances/size_15/probability_0.15/instance_n15_p0.15_018.lp;14.0;1.0;9.0;5.0;2.0;42.0;1.0;1.0;semi;min-degree;5.0;0.27;0.28;0.28;0.28;0.28
../dominating_set_benchmark/dominating_set_dynamic.lp;instances/size_15/probability_0.15/instance_n15_p0.15_018.lp;14.0;1.0;9.0;5.0;2.0;42.0;1.0;0.0;semi;min-degree;5.0;11.28;11.52;11.38;11.57;15.14
../dominating_set_benchmark/dominating_set_dynamic.lp;instances/size_15/probability_0.15/instance_n15_p0.15_018.lp;14.0;1.0;9.0;5.0;2.0;42.0;1.0;1.0;weak;min-degree;5.0;0.25;0.24;0.25;0.25;0.26
../dominating_set_benchmark/dominating_set_dynamic.lp;instances/size_15/probability_0.15/instance_n15_p0.15_018.lp;14.0;1.0;9.0;5.0;2.0;42.0;1.0;0.0;weak;min-degree;5.0;12.12;13.09;11.92;13.62;19.46
../dominating_set_benchmark/dominating_set_dynamic.lp;instances/size_15/probability_0.15/instance_n15_p0.15_018.lp;14.0;1.0;9.0;5.0;2.0;42.0;1.0;0.0;none;min-degree;5.0;0.59;0.56;0.56;0.56;0.56
../dominating_set_benchmark/dominating_set_dynamic.lp;instances/size_15/probability_0.20/instance_n15_p0.20_001.lp;14.0;1.0;9.0;5.0;2.0;47.0;1.0;1.0;semi;min-degree;5.0;0.22;0.22;0.22;0.22;0.23
../dominating_set_benchmark/dominating_set_dynamic.lp;instances/size_15/probability_0.20/instance_n15_p0.20_001.lp;14.0;1.0;9.0;5.0;2.0;47.0;1.0;0.0;semi;min-degree;5.0;22.65;23.57;22.57;23.44;29.81
../dominating_set_benchmark/dominating_set_dynamic.lp;instances/size_15/probability_0.20/instance_n15_p0.20_001.lp;14.0;1.0;9.0;5.0;2.0;47.0;1.0;1.0;weak;min-degree;5.0;0.20;0.21;0.20;0.21;0.22
../dominating_set_benchmark/dominating_set_dynamic.lp;instances/size_15/probability_0.20/instance_n15_p0.20_001.lp;14.0;1.0;9.0;5.0;2.0;47.0;1.0;0.0;weak;min-degree;5.0;26.33;30.67;26.89;30.42;43.47
../dominating_set_benchmark/dominating_set_dynamic.lp;instances/size_15/probability_0.20/instance_n15_p0.20_001.lp;14.0;1.0;9.0;5.0;2.0;47.0;1.0;0.0;none;min-degree;5.0;0.09;0.08;0.09;0.09;0.09
../dominating_set_benchmark/dominating_set_dynamic.lp;instances/size_15/probability_0.20/instance_n15_p0.20_002.lp;14.0;1.0;9.0;5.0;2.0;54.0;1.0;1.0;semi;min-degree;7.0;1.52;1.53;1.53;1.54;1.72
../dominating_set_benchmark/dominating_set_dynamic.lp;instances/size_15/probability_0.20/instance_n15_p0.20_002.lp;14.0;1.0;9.0;5.0;2.0;54.0;1.0;0.0;semi;min-degree;7.0;56.53;61.26;56.29;61.30;73.89
../dominating_set_benchmark/dominating_set_dynamic.lp;instances/size_15/probability_0.20/instance_n15_p0.20_002.lp;14.0;1.0;9.0;5.0;2.0;54.0;1.0;1.0;weak;min-degree;7.0;1.82;1.88;1.81;1.86;2.10
../dominating_set_benchmark/dominating_set_dynamic.lp;instances/size_15/probability_0.20/instance_n15_p0.20_002.lp;14.0;1.0;9.0;5.0;2.0;54.0;1.0;0.0;weak;min-degree;7.0;109.94;130.45;109.06;123.70;190.89
../dominating_set_benchmark/dominating_set_dynamic.lp;instances/size_15/probability_0.20/instance_n15_p0.20_002.lp;14.0;1.0;9.0;5.0;2.0;54.0;1.0;0.0;none;min-degree;7.0;0.03;0.03;0.03;0.03;0.03
../dominating_set_benchmark/dominating_set_dynamic.lp;instances/size_15/probability_0.20/instance_n15_p0.20_007.lp;14.0;1.0;9.0;5.0;2.0;33.0;1.0;1.0;semi;min-degree;5.0;0.10;0.10;0.10;0.10;0.10
../dominating_set_benchmark/dominating_set_dynamic.lp;instances/size_15/probability_0.20/instance_n15_p0.20_007.lp;14.0;1.0;9.0;5.0;2.0;33.0;1.0;0.0;semi;min-degree;5.0;10.09;10.28;10.15;10.32;12.91
../dominating_set_benchmark/dominating_set_dynamic.lp;instances/size_15/probability_0.20/instance_n15_p0.20_007.lp;14.0;1.0;9.0;5.0;2.0;33.0;1.0;1.0;weak;min-degree;5.0;0.10;0.10;0.09;0.10;0.10
../dominating_set_benchmark/dominating_set_dynamic.lp;instances/size_15/probability_0.20/instance_n15_p0.20_007.lp;14.0;1.0;9.0;5.0;2.0;33.0;1.0;0.0;weak;min-degree;5.0;14.75;15.49;14.85;15.48;21.90
../dominating_set_benchmark/dominating_set_dynamic.lp;instances/size_15/probability_0.20/instance_n15_p0.20_007.lp;14.0;1.0;9.0;5.0;2.0;33.0;1.0;0.0;none;min-degree;5.0;0.05;0.04;0.05;0.05;0.05
../dominating_set_benchmark/dominating_set_dynamic.lp;instances/size_15/probability_0.20/instance_n15_p0.20_008.lp;14.0;1.0;9.0;5.0;2.0;42.0;1.0;1.0;semi;min-degree;5.0;0.50;0.50;0.50;0.51;0.55
../dominating_set_benchmark/dominating_set_dynamic.lp;instances/size_15/probability_0.20/instance_n15_p0.20_008.lp;14.0;1.0;9.0;5.0;2.0;42.0;1.0;0.0;semi;min-degree;5.0;9.88;10.09;9.86;10.04;11.61
../dominating_set_benchmark/dominating_set_dynamic.lp;instances/size_15/probability_0.20/instance_n15_p0.20_008.lp;14.0;1.0;9.0;5.0;2.0;42.0;1.0;1.0;weak;min-degree;5.0;0.50;0.51;0.51;0.51;0.55
../dominating_set_benchmark/dominating_set_dynamic.lp;instances/size_15/probability_0.20/instance_n15_p0.20_008.lp;14.0;1.0;9.0;5.0;2.0;42.0;1.0;0.0;weak;min-degree;5.0;10.99;11.16;11.04;11.22;14.15
../dominating_set_benchmark/dominating_set_dynamic.lp;instances/size_15/probability_0.20/instance_n15_p0.20_008.lp;14.0;1.0;9.0;5.0;2.0;42.0;1.0;0.0;none;min-degree;5.0;1.09;1.11;1.07;1.10;1.06
../dominating_set_benchmark/dominating_set_dynamic.lp;instances/size_15/probability_0.20/instance_n15_p0.20_009.lp;14.0;1.0;9.0;5.0;2.0;44.0;1.0;1.0;semi;min-degree;5.0;1.28;1.28;1.27;1.27;1.37
../dominating_set_benchmark/dominating_set_dynamic.lp;instances/size_15/probability_0.20/instance_n15_p0.20_009.lp;14.0;1.0;9.0;5.0;2.0;44.0;1.0;0.0;semi;min-degree;5.0;8.60;8.79;8.63;8.82;11.01
../dominating_set_benchmark/dominating_set_dynamic.lp;instances/size_15/probability_0.20/instance_n15_p0.20_009.lp;14.0;1.0;9.0;5.0;2.0;44.0;1.0;1.0;weak;min-degree;5.0;1.27;1.29;1.28;1.29;1.36
../dominating_set_benchmark/dominating_set_dynamic.lp;instances/size_15/probability_0.20/instance_n15_p0.20_009.lp;14.0;1.0;9.0;5.0;2.0;44.0;1.0;0.0;weak;min-degree;5.0;8.62;8.81;8.49;8.83;10.94
../dominating_set_benchmark/dominating_set_dynamic.lp;instances/size_15/probability_0.20/instance_n15_p0.20_009.lp;14.0;1.0;9.0;5.0;2.0;44.0;1.0;0.0;none;min-degree;5.0;0.52;0.51;0.51;0.52;0.52
../dominating_set_benchmark/dominating_set_dynamic.lp;instances/size_15/probability_0.20/instance_n15_p0.20_011.lp;14.0;1.0;9.0;5.0;2.0;49.0;1.0;1.0;semi;min-degree;6.0;1.02;1.04;1.03;1.04;1.08
../dominating_set_benchmark/dominating_set_dynamic.lp;instances/size_15/probability_0.20/instance_n15_p0.20_011.lp;14.0;1.0;9.0;5.0;2.0;49.0;1.0;0.0;semi;min-degree;6.0;23.02;23.89;22.95;24.00;28.64
../dominating_set_benchmark/dominating_set_dynamic.lp;instances/size_15/probability_0.20/instance_n15_p0.20_011.lp;14.0;1.0;9.0;5.0;2.0;49.0;1.0;1.0;weak;min-degree;6.0;1.01;1.04;1.02;1.04;1.07
../dominating_set_benchmark/dominating_set_dynamic.lp;instances/size_15/probability_0.20/instance_n15_p0.20_011.lp;14.0;1.0;9.0;5.0;2.0;49.0;1.0;0.0;weak;min-degree;6.0;26.69;27.58;26.45;27.47;35.83
../dominating_set_benchmark/dominating_set_dynamic.lp;instances/size_15/probability_0.20/instance_n15_p0.20_011.lp;14.0;1.0;9.0;5.0;2.0;49.0;1.0;0.0;none;min-degree;6.0;0.22;0.22;0.22;0.21;0.22
../dominating_set_benchmark/dominating_set_dynamic.lp;instances/size_15/probability_0.20/instance_n15_p0.20_012.lp;14.0;1.0;9.0;5.0;2.0;48.0;1.0;1.0;semi;min-degree;6.0;2.51;2.56;2.51;2.53;2.76
../dominating_set_benchmark/dominating_set_dynamic.lp;instances/size_15/probability_0.20/instance_n15_p0.20_012.lp;14.0;1.0;9.0;5.0;2.0;48.0;1.0;0.0;semi;min-degree;6.0;19.27;19.90;19.80;19.72;23.25
../dominating_set_benchmark/dominating_set_dynamic.lp;instances/size_15/probability_0.20/instance_n15_p0.20_012.lp;14.0;1.0;9.0;5.0;2.0;48.0;1.0;1.0;weak;min-degree;6.0;2.34;2.36;2.33;2.35;2.60
../dominating_set_benchmark/dominating_set_dynamic.lp;instances/size_15/probability_0.20/instance_n15_p0.20_012.lp;14.0;1.0;9.0;5.0;2.0;48.0;1.0;0.0;weak;min-degree;6.0;24.96;25.80;24.83;25.68;32.79
../dominating_set_benchmark/dominating_set_dynamic.lp;instances/size_15/probability_0.20/instance_n15_p0.20_012.lp;14.0;1.0;9.0;5.0;2.0;48.0;1.0;0.0;none;min-degree;6.0;0.08;0.08;0.07;0.07;0.08
../dominating_set_benchmark/dominating_set_dynamic.lp;instances/size_15/probability_0.20/instance_n15_p0.20_013.lp;14.0;1.0;9.0;5.0;2.0;52.0;1.0;1.0;semi;min-degree;6.0;2.29;2.29;2.28;2.29;2.51
../dominating_set_benchmark/dominating_set_dynamic.lp;instances/size_15/probability_0.20/instance_n15_p0.20_013.lp;14.0;1.0;9.0;5.0;2.0;52.0;1.0;0.0;semi;min-degree;6.0;22.60;22.78;22.61;22.82;28.14
../dominating_set_benchmark/dominating_set_dynamic.lp;instances/size_15/probability_0.20/instance_n15_p0.20_013.lp;14.0;1.0;9.0;5.0;2.0;52.0;1.0;1.0;weak;min-degree;6.0;2.18;2.20;2.18;2.19;2.43
../dominating_set_benchmark/dominating_set_dynamic.lp;instances/size_15/probability_0.20/instance_n15_p0.20_013.lp;14.0;1.0;9.0;5.0;2.0;52.0;1.0;0.0;weak;min-degree;6.0;26.44;26.92;26.54;27.04;35.87
../dominating_set_benchmark/dominating_set_dynamic.lp;instances/size_15/probability_0.20/instance_n15_p0.20_013.lp;14.0;1.0;9.0;5.0;2.0;52.0;1.0;0.0;none;min-degree;6.0;0.24;0.23;0.23;0.23;0.24
../dominating_set_benchmark/dominating_set_dynamic.lp;instances/size_15/probability_0.20/instance_n15_p0.20_016.lp;14.0;1.0;9.0;5.0;2.0;36.0;1.0;1.0;semi;min-degree;5.0;0.15;0.15;0.15;0.15;0.16
../dominating_set_benchmark/dominating_set_dynamic.lp;instances/size_15/probability_0.20/instance_n15_p0.20_016.lp;14.0;1.0;9.0;5.0;2.0;36.0;1.0;0.0;semi;min-degree;5.0;10.36;10.57;10.31;10.50;12.71
../dominating_set_benchmark/dominating_set_dynamic.lp;instances/size_15/probability_0.20/instance_n15_p0.20_016.lp;14.0;1.0;9.0;5.0;2.0;36.0;1.0;1.0;weak;min-degree;5.0;0.17;0.17;0.16;0.16;0.18
../dominating_set_benchmark/dominating_set_dynamic.lp;instances/size_15/probability_0.20/instance_n15_p0.20_016.lp;14.0;1.0;9.0;5.0;2.0;36.0;1.0;0.0;weak;min-degree;5.0;11.80;12.08;12.04;12.06;15.19
../dominating_set_benchmark/dominating_set_dynamic.lp;instances/size_15/probability_0.20/instance_n15_p0.20_016.lp;14.0;1.0;9.0;5.0;2.0;36.0;1.0;0.0;none;min-degree;5.0;0.04;0.03;0.03;0.03;0.03
../dominating_set_benchmark/dominating_set_dynamic.lp;instances/size_15/probability_0.20/instance_n15_p0.20_019.lp;14.0;1.0;9.0;5.0;2.0;34.0;1.0;1.0;semi;min-degree;4.0;0.02;0.01;0.01;0.01;0.02
../dominating_set_benchmark/dominating_set_dynamic.lp;instances/size_15/probability_0.20/instance_n15_p0.20_019.lp;14.0;1.0;9.0;5.0;2.0;34.0;1.0;0.0;semi;min-degree;4.0;11.58;11.80;11.64;11.83;13.97
../dominating_set_benchmark/dominating_set_dynamic.lp;instances/size_15/probability_0.20/instance_n15_p0.20_019.lp;14.0;1.0;9.0;5.0;2.0;34.0;1.0;1.0;weak;min-degree;4.0;0.14;0.13;0.13;0.13;0.13
../dominating_set_benchmark/dominating_set_dynamic.lp;instances/size_15/probability_0.20/instance_n15_p0.20_019.lp;14.0;1.0;9.0;5.0;2.0;34.0;1.0;0.0;weak;min-degree;4.0;13.04;13.53;12.92;13.41;18.06
../dominating_set_benchmark/dominating_set_dynamic.lp;instances/size_15/probability_0.20/instance_n15_p0.20_019.lp;14.0;1.0;9.0;5.0;2.0;34.0;1.0;0.0;none;min-degree;4.0;0.01;0.01;0.01;0.01;0.01
../dominating_set_benchmark/dominating_set_dynamic.lp;instances/size_15/probability_0.25/instance_n15_p0.25_001.lp;14.0;1.0;9.0;5.0;2.0;53.0;1.0;1.0;semi;min-degree;6.0;0.69;0.69;0.69;0.70;0.73
../dominating_set_benchmark/dominating_set_dynamic.lp;instances/size_15/probability_0.25/instance_n15_p0.25_001.lp;14.0;1.0;9.0;5.0;2.0;53.0;1.0;0.0;semi;min-degree;6.0;28.09;29.20;28.07;30.57;36.90
../dominating_set_benchmark/dominating_set_dynamic.lp;instances/size_15/probability_0.25/instance_n15_p0.25_001.lp;14.0;1.0;9.0;5.0;2.0;53.0;1.0;1.0;weak;min-degree;6.0;0.70;0.70;0.70;0.71;0.76
../dominating_set_benchmark/dominating_set_dynamic.lp;instances/size_15/probability_0.25/instance_n15_p0.25_001.lp;14.0;1.0;9.0;5.0;2.0;53.0;1.0;0.0;weak;min-degree;6.0;31.75;33.17;31.76;33.09;44.22
../dominating_set_benchmark/dominating_set_dynamic.lp;instances/size_15/probability_0.25/instance_n15_p0.25_001.lp;14.0;1.0;9.0;5.0;2.0;53.0;1.0;0.0;none;min-degree;6.0;0.29;0.28;0.28;0.28;0.27
../dominating_set_benchmark/dominating_set_dynamic.lp;instances/size_15/probability_0.25/instance_n15_p0.25_002.lp;14.0;1.0;9.0;5.0;2.0;43.0;1.0;1.0;semi;min-degree;5.0;0.66;0.66;0.66;0.67;0.70
../dominating_set_benchmark/dominating_set_dynamic.lp;instances/size_15/probability_0.25/instance_n15_p0.25_002.lp;14.0;1.0;9.0;5.0;2.0;43.0;1.0;0.0;semi;min-degree;5.0;33.89;34.96;33.40;34.83;40.99
../dominating_set_benchmark/dominating_set_dynamic.lp;instances/size_15/probability_0.25/instance_n15_p0.25_002.lp;14.0;1.0;9.0;5.0;2.0;43.0;1.0;1.0;weak;min-degree;5.0;0.67;0.65;0.65;0.66;0.71
../dominating_set_benchmark/dominating_set_dynamic.lp;instances/size_15/probability_0.25/instance_n15_p0.25_002.lp;14.0;1.0;9.0;5.0;2.0;43.0;1.0;0.0;weak;min-degree;5.0;34.11;34.71;33.67;34.55;41.43
../dominating_set_benchmark/dominating_set_dynamic.lp;instances/size_15/probability_0.25/instance_n15_p0.25_002.lp;14.0;1.0;9.0;5.0;2.0;43.0;1.0;0.0;none;min-degree;5.0;0.45;0.45;0.45;0.45;0.45
../dominating_set_benchmark/dominating_set_dynamic.lp;instances/size_15/probability_0.25/instance_n15_p0.25_003.lp;14.0;1.0;9.0;5.0;2.0;46.0;1.0;1.0;semi;min-degree;6.0;0.00;0.01;0.01;0.01;0.01
../dominating_set_benchmark/dominating_set_dynamic.lp;instances/size_15/probability_0.25/instance_n15_p0.25_003.lp;14.0;1.0;9.0;5.0;2.0;46.0;1.0;0.0;semi;min-degree;6.0;12.96;13.28;13.17;13.33;16.80
../dominating_set_benchmark/dominating_set_dynamic.lp;instances/size_15/probability_0.25/instance_n15_p0.25_003.lp;14.0;1.0;9.0;5.0;2.0;46.0;1.0;1.0;weak;min-degree;6.0;0.30;0.30;0.30;0.30;0.32
../dominating_set_benchmark/dominating_set_dynamic.lp;instances/size_15/probability_0.25/instance_n15_p0.25_003.lp;14.0;1.0;9.0;5.0;2.0;46.0;1.0;0.0;weak;min-degree;6.0;39.74;39.94;37.85;39.40;66.24
../dominating_set_benchmark/dominating_set_dynamic.lp;instances/size_15/probability_0.25/instance_n15_p0.25_003.lp;14.0;1.0;9.0;5.0;2.0;46.0;1.0;0.0;none;min-degree;6.0;0.88;0.88;0.89;0.89;0.88
../dominating_set_benchmark/dominating_set_dynamic.lp;instances/size_15/probability_0.25/instance_n15_p0.25_005.lp;14.0;1.0;9.0;5.0;2.0;48.0;1.0;1.0;semi;min-degree;6.0;0.02;0.01;0.01;0.02;0.02
../dominating_set_benchmark/dominating_set_dynamic.lp;instances/size_15/probability_0.25/instance_n15_p0.25_005.lp;14.0;1.0;9.0;5.0;2.0;48.0;1.0;0.0;semi;min-degree;6.0;50.08;54.92;51.04;54.84;77.58
../dominating_set_benchmark/dominating_set_dynamic.lp;instances/size_15/probability_0.25/instance_n15_p0.25_005.lp;14.0;1.0;9.0;5.0;2.0;48.0;1.0;1.0;weak;min-degree;6.0;0.02;0.02;0.02;0.01;0.02
../dominating_set_benchmark/dominating_set_dynamic.lp;instances/size_15/probability_0.25/instance_n15_p0.25_005.lp;14.0;1.0;9.0;5.0;2.0;48.0;1.0;0.0;weak;min-degree;6.0;53.53;58.29;53.44;57.06;103.02
../dominating_set_benchmark/dominating_set_dynamic.lp;instances/size_15/probability_0.25/instance_n15_p0.25_005.lp;14.0;1.0;9.0;5.0;2.0;48.0;1.0;0.0;none;min-degree;6.0;0.14;0.13;0.13;0.13;0.14
../dominating_set_benchmark/dominating_set_dynamic.lp;instances/size_15/probability_0.25/instance_n15_p0.25_006.lp;14.0;1.0;9.0;5.0;2.0;64.0;1.0;1.0;semi;min-degree;8.0;10.64;11.19;10.57;11.00;12.55
../dominating_set_benchmark/dominating_set_dynamic.lp;instances/size_15/probability_0.25/instance_n15_p0.25_006.lp;14.0;1.0;9.0;5.0;2.0;64.0;1.0;0.0;semi;min-degree;8.0;217.94;236.17;220.09;235.12;316.92
../dominating_set_benchmark/dominating_set_dynamic.lp;instances/size_15/probability_0.25/instance_n15_p0.25_006.lp;14.0;1.0;9.0;5.0;2.0;64.0;1.0;1.0;weak;min-degree;8.0;10.91;12.01;11.31;11.79;13.62
../dominating_set_benchmark/dominating_set_dynamic.lp;instances/size_15/probability_0.25/instance_n15_p0.25_006.lp;14.0;1.0;9.0;5.0;2.0;64.0;1.0;0.0;weak;min-degree;8.0;536.40;582.80;554.40;611.85;1010.08
../dominating_set_benchmark/dominating_set_dynamic.lp;instances/size_15/probability_0.25/instance_n15_p0.25_006.lp;14.0;1.0;9.0;5.0;2.0;64.0;1.0;0.0;none;min-degree;8.0;0.48;0.48;0.48;0.47;0.46
../dominating_set_benchmark/dominating_set_dynamic.lp;instances/size_15/probability_0.25/instance_n15_p0.25_007.lp;14.0;1.0;9.0;5.0;2.0;54.0;1.0;1.0;semi;min-degree;7.0;5.64;5.75;5.59;5.75;6.54
../dominating_set_benchmark/dominating_set_dynamic.lp;instances/size_15/probability_0.25/instance_n15_p0.25_007.lp;14.0;1.0;9.0;5.0;2.0;54.0;1.0;0.0;semi;min-degree;7.0;94.85;98.84;94.48;98.09;142.95
../dominating_set_benchmark/dominating_set_dynamic.lp;instances/size_15/probability_0.25/instance_n15_p0.25_007.lp;14.0;1.0;9.0;5.0;2.0;54.0;1.0;1.0;weak;min-degree;7.0;5.58;5.74;5.59;5.75;6.56
../dominating_set_benchmark/dominating_set_dynamic.lp;instances/size_15/probability_0.25/instance_n15_p0.25_007.lp;14.0;1.0;9.0;5.0;2.0;54.0;1.0;0.0;weak;min-degree;7.0;84.11;91.39;84.96;91.05;138.82
../dominating_set_benchmark/dominating_set_dynamic.lp;instances/size_15/probability_0.25/instance_n15_p0.25_007.lp;14.0;1.0;9.0;5.0;2.0;54.0;1.0;0.0;none;min-degree;7.0;11.32;11.54;11.52;11.59;12.45
../dominating_set_benchmark/dominating_set_dynamic.lp;instances/size_15/probability_0.25/instance_n15_p0.25_008.lp;14.0;1.0;9.0;5.0;2.0;56.0;1.0;1.0;semi;min-degree;7.0;3.84;3.96;3.82;4.00;4.26
../dominating_set_benchmark/dominating_set_dynamic.lp;instances/size_15/probability_0.25/instance_n15_p0.25_008.lp;14.0;1.0;9.0;5.0;2.0;56.0;1.0;0.0;semi;min-degree;7.0;106.83;110.68;105.50;110.21;170.59
../dominating_set_benchmark/dominating_set_dynamic.lp;instances/size_15/probability_0.25/instance_n15_p0.25_008.lp;14.0;1.0;9.0;5.0;2.0;56.0;1.0;1.0;weak;min-degree;7.0;3.82;3.98;3.84;3.97;4.27
../dominating_set_benchmark/dominating_set_dynamic.lp;instances/size_15/probability_0.25/instance_n15_p0.25_008.lp;14.0;1.0;9.0;5.0;2.0;56.0;1.0;0.0;weak;min-degree;7.0;103.32;109.64;102.94;110.17;189.53
../dominating_set_benchmark/dominating_set_dynamic.lp;instances/size_15/probability_0.25/instance_n15_p0.25_008.lp;14.0;1.0;9.0;5.0;2.0;56.0;1.0;0.0;none;min-degree;7.0;3.78;3.78;3.78;3.80;3.73
../dominating_set_benchmark/dominating_set_dynamic.lp;instances/size_15/probability_0.25/instance_n15_p0.25_009.lp;14.0;1.0;9.0;5.0;2.0;54.0;1.0;1.0;semi;min-degree;6.0;0.79;0.80;0.79;0.81;0.83
../dominating_set_benchmark/dominating_set_dynamic.lp;instances/size_15/probability_0.25/instance_n15_p0.25_009.lp;14.0;1.0;9.0;5.0;2.0;54.0;1.0;0.0;semi;min-degree;6.0;33.32;33.86;33.33;34.01;45.64
../dominating_set_benchmark/dominating_set_dynamic.lp;instances/size_15/probability_0.25/instance_n15_p0.25_009.lp;14.0;1.0;9.0;5.0;2.0;54.0;1.0;1.0;weak;min-degree;6.0;0.90;0.90;0.89;0.90;0.94
../dominating_set_benchmark/dominating_set_dynamic.lp;instances/size_15/probability_0.25/instance_n15_p0.25_009.lp;14.0;1.0;9.0;5.0;2.0;54.0;1.0;0.0;weak;min-degree;6.0;43.36;45.50;43.16;45.98;72.20
../dominating_set_benchmark/dominating_set_dynamic.lp;instances/size_15/probability_0.25/instance_n15_p0.25_009.lp;14.0;1.0;9.0;5.0;2.0;54.0;1.0;0.0;none;min-degree;6.0;0.17;0.18;0.18;0.18;0.17
../dominating_set_benchmark/dominating_set_dynamic.lp;instances/size_15/probability_0.25/instance_n15_p0.25_011.lp;14.0;1.0;9.0;5.0;2.0;47.0;1.0;1.0;semi;min-degree;7.0;1.03;1.05;1.05;1.04;1.14
../dominating_set_benchmark/dominating_set_dynamic.lp;instances/size_15/probability_0.25/instance_n15_p0.25_011.lp;14.0;1.0;9.0;5.0;2.0;47.0;1.0;0.0;semi;min-degree;7.0;107.87;115.64;106.86;113.94;167.07
../dominating_set_benchmark/dominating_set_dynamic.lp;instances/size_15/probability_0.25/instance_n15_p0.25_011.lp;14.0;1.0;9.0;5.0;2.0;47.0;1.0;1.0;weak;min-degree;7.0;1.11;1.14;1.09;1.11;1.21
../dominating_set_benchmark/dominating_set_dynamic.lp;instances/size_15/probability_0.25/instance_n15_p0.25_011.lp;14.0;1.0;9.0;5.0;2.0;47.0;1.0;0.0;weak;min-degree;7.0;131.18;148.76;131.84;146.39;260.57
../dominating_set_benchmark/dominating_set_dynamic.lp;instances/size_15/probability_0.25/instance_n15_p0.25_011.lp;14.0;1.0;9.0;5.0;2.0;47.0;1.0;0.0;none;min-degree;7.0;0.01;0.02;0.01;0.01;0.02
../dominating_set_benchmark/dominating_set_dynamic.lp;instances/size_15/probability_0.25/instance_n15_p0.25_012.lp;14.0;1.0;9.0;5.0;2.0;49.0;1.0;1.0;semi;min-degree;6.0;0.12;0.12;0.12;0.12;0.12
../dominating_set_benchmark/dominating_set_dynamic.lp;instances/size_15/probability_0.25/instance_n15_p0.25_012.lp;14.0;1.0;9.0;5.0;2.0;49.0;1.0;0.0;semi;min-degree;6.0;21.06;21.28;20.85;21.16;27.55
../dominating_set_benchmark/dominating_set_dynamic.lp;instances/size_15/probability_0.25/instance_n15_p0.25_012.lp;14.0;1.0;9.0;5.0;2.0;49.0;1.0;1.0;weak;min-degree;6.0;0.12;0.12;0.12;0.12;0.13
../dominating_set_benchmark/dominating_set_dynamic.lp;instances/size_15/probability_0.25/instance_n15_p0.25_012.lp;14.0;1.0;9.0;5.0;2.0;49.0;1.0;0.0;weak;min-degree;6.0;30.01;31.07;30.06;31.43;49.00
../dominating_set_benchmark/dominating_set_dynamic.lp;instances/size_15/probability_0.25/instance_n15_p0.25_012.lp;14.0;1.0;9.0;5.0;2.0;49.0;1.0;0.0;none;min-degree;6.0;0.08;0.07;0.07;0.07;0.07
../dominating_set_benchmark/dominating_set_dynamic.lp;instances/size_15/probability_0.25/instance_n15_p0.25_014.lp;14.0;1.0;9.0;5.0;2.0;66.0;1.0;1.0;semi;min-degree;7.0;4.54;4.60;4.56;4.59;5.04
../dominating_set_benchmark/dominating_set_dynamic.lp;instances/size_15/probability_0.25/instance_n15_p0.25_014.lp;14.0;1.0;9.0;5.0;2.0;66.0;1.0;0.0;semi;min-degree;7.0;92.84;96.86;92.11;97.06;137.67
../dominating_set_benchmark/dominating_set_dynamic.lp;instances/size_15/probability_0.25/instance_n15_p0.25_014.lp;14.0;1.0;9.0;5.0;2.0;66.0;1.0;1.0;weak;min-degree;7.0;3.79;3.82;3.78;3.82;4.21
../dominating_set_benchmark/dominating_set_dynamic.lp;instances/size_15/probability_0.25/instance_n15_p0.25_014.lp;14.0;1.0;9.0;5.0;2.0;66.0;1.0;0.0;weak;min-degree;7.0;123.63;136.38;125.27;134.40;219.84
../dominating_set_benchmark/dominating_set_dynamic.lp;instances/size_15/probability_0.25/instance_n15_p0.25_014.lp;14.0;1.0;9.0;5.0;2.0;66.0;1.0;0.0;none;min-degree;7.0;3.28;3.34;3.24;3.28;3.45
../dominating_set_benchmark/dominating_set_dynamic.lp;instances/size_15/probability_0.25/instance_n15_p0.25_015.lp;14.0;1.0;9.0;5.0;2.0;58.0;1.0;1.0;semi;min-degree;6.0;3.71;3.73;3.70;3.71;4.22
../dominating_set_benchmark/dominating_set_dynamic.lp;instances/size_15/probability_0.25/instance_n15_p0.25_015.lp;14.0;1.0;9.0;5.0;2.0;58.0;1.0;0.0;semi;min-degree;6.0;33.19;33.42;32.02;33.32;44.45
../dominating_set_benchmark/dominating_set_dynamic.lp;instances/size_15/probability_0.25/instance_n15_p0.25_015.lp;14.0;1.0;9.0;5.0;2.0;58.0;1.0;1.0;weak;min-degree;6.0;3.71;3.67;3.69;3.73;4.23
../dominating_set_benchmark/dominating_set_dynamic.lp;instances/size_15/probability_0.25/instance_n15_p0.25_015.lp;14.0;1.0;9.0;5.0;2.0;58.0;1.0;0.0;weak;min-degree;6.0;46.62;52.00;46.77;50.21;91.41
../dominating_set_benchmark/dominating_set_dynamic.lp;instances/size_15/probability_0.25/instance_n15_p0.25_015.lp;14.0;1.0;9.0;5.0;2.0;58.0;1.0;0.0;none;min-degree;6.0;8.82;8.87;8.76;8.96;8.80
../dominating_set_benchmark/dominating_set_dynamic.lp;instances/size_15/probability_0.25/instance_n15_p0.25_016.lp;14.0;1.0;9.0;5.0;2.0;54.0;1.0;1.0;semi;min-degree;6.0;1.06;1.07;1.05;1.07;1.08
../dominating_set_benchmark/dominating_set_dynamic.lp;instances/size_15/probability_0.25/instance_n15_p0.25_016.lp;14.0;1.0;9.0;5.0;2.0;54.0;1.0;0.0;semi;min-degree;6.0;8.56;8.80;8.51;8.70;10.31
../dominating_set_benchmark/dominating_set_dynamic.lp;instances/size_15/probability_0.25/instance_n15_p0.25_016.lp;14.0;1.0;9.0;5.0;2.0;54.0;1.0;1.0;weak;min-degree;6.0;1.12;1.12;1.11;1.12;1.14
../dominating_set_benchmark/dominating_set_dynamic.lp;instances/size_15/probability_0.25/instance_n15_p0.25_016.lp;14.0;1.0;9.0;5.0;2.0;54.0;1.0;0.0;weak;min-degree;6.0;15.70;16.07;15.88;16.03;22.80
../dominating_set_benchmark/dominating_set_dynamic.lp;instances/size_15/probability_0.25/instance_n15_p0.25_016.lp;14.0;1.0;9.0;5.0;2.0;54.0;1.0;0.0;none;min-degree;6.0;0.79;0.79;0.78;0.80;0.80
../dominating_set_benchmark/dominating_set_dynamic.lp;instances/size_15/probability_0.25/instance_n15_p0.25_017.lp;14.0;1.0;9.0;5.0;2.0;51.0;1.0;1.0;semi;min-degree;6.0;1.03;1.03;1.03;1.03;1.08
../dominating_set_benchmark/dominating_set_dynamic.lp;instances/size_15/probability_0.25/instance_n15_p0.25_017.lp;14.0;1.0;9.0;5.0;2.0;51.0;1.0;0.0;semi;min-degree;6.0;18.98;19.70;19.17;19.66;23.56
../dominating_set_benchmark/dominating_set_dynamic.lp;instances/size_15/probability_0.25/instance_n15_p0.25_017.lp;14.0;1.0;9.0;5.0;2.0;51.0;1.0;1.0;weak;min-degree;6.0;1.15;1.15;1.14;1.15;1.20
../dominating_set_benchmark/dominating_set_dynamic.lp;instances/size_15/probability_0.25/instance_n15_p0.25_017.lp;14.0;1.0;9.0;5.0;2.0;51.0;1.0;0.0;weak;min-degree;6.0;26.06;26.76;26.02;26.84;34.53
../dominating_set_benchmark/dominating_set_dynamic.lp;instances/size_15/probability_0.25/instance_n15_p0.25_017.lp;14.0;1.0;9.0;5.0;2.0;51.0;1.0;0.0;none;min-degree;6.0;0.45;0.45;0.45;0.44;0.46
../dominating_set_benchmark/dominating_set_dynamic.lp;instances/size_15/probability_0.25/instance_n15_p0.25_018.lp;14.0;1.0;9.0;5.0;2.0;56.0;1.0;1.0;semi;min-degree;6.0;0.81;0.82;0.81;0.82;0.90
../dominating_set_benchmark/dominating_set_dynamic.lp;instances/size_15/probability_0.25/instance_n15_p0.25_018.lp;14.0;1.0;9.0;5.0;2.0;56.0;1.0;0.0;semi;min-degree;6.0;38.11;40.81;38.22;40.17;53.64
../dominating_set_benchmark/dominating_set_dynamic.lp;instances/size_15/probability_0.25/instance_n15_p0.25_018.lp;14.0;1.0;9.0;5.0;2.0;56.0;1.0;1.0;weak;min-degree;6.0;0.79;0.81;0.79;0.80;0.89
../dominating_set_benchmark/dominating_set_dynamic.lp;instances/size_15/probability_0.25/instance_n15_p0.25_018.lp;14.0;1.0;9.0;5.0;2.0;56.0;1.0;0.0;weak;min-degree;6.0;71.60;81.13;71.27;80.68;149.64
../dominating_set_benchmark/dominating_set_dynamic.lp;instances/size_15/probability_0.25/instance_n15_p0.25_018.lp;14.0;1.0;9.0;5.0;2.0;56.0;1.0;0.0;none;min-degree;6.0;1.85;1.81;1.82;1.82;1.81
../dominating_set_benchmark/dominating_set_dynamic.lp;instances/size_15/probability_0.25/instance_n15_p0.25_019.lp;14.0;1.0;9.0;5.0;2.0;54.0;1.0;1.0;semi;min-degree;6.0;2.02;2.01;2.00;2.03;2.14
../dominating_set_benchmark/dominating_set_dynamic.lp;instances/size_15/probability_0.25/instance_n15_p0.25_019.lp;14.0;1.0;9.0;5.0;2.0;54.0;1.0;0.0;semi;min-degree;6.0;206.50;221.65;206.87;217.64;328.35
../dominating_set_benchmark/dominating_set_dynamic.lp;instances/size_15/probability_0.25/instance_n15_p0.25_019.lp;14.0;1.0;9.0;5.0;2.0;54.0;1.0;1.0;weak;min-degree;6.0;2.08;2.11;2.10;2.11;2.23
../dominating_set_benchmark/dominating_set_dynamic.lp;instances/size_15/probability_0.25/instance_n15_p0.25_019.lp;14.0;1.0;9.0;5.0;2.0;54.0;1.0;0.0;weak;min-degree;6.0;180.30;194.51;178.84;205.91;300.84
../dominating_set_benchmark/dominating_set_dynamic.lp;instances/size_15/probability_0.25/instance_n15_p0.25_019.lp;14.0;1.0;9.0;5.0;2.0;54.0;1.0;0.0;none;min-degree;6.0;0.04;0.03;0.04;0.03;0.04
../dominating_set_benchmark/dominating_set_dynamic.lp;instances/size_15/probability_0.25/instance_n15_p0.25_020.lp;14.0;1.0;9.0;5.0;2.0;60.0;1.0;1.0;semi;min-degree;7.0;4.94;5.10;4.92;5.06;5.67
../dominating_set_benchmark/dominating_set_dynamic.lp;instances/size_15/probability_0.25/instance_n15_p0.25_020.lp;14.0;1.0;9.0;5.0;2.0;60.0;1.0;0.0;semi;min-degree;7.0;22.41;22.67;22.73;23.54;29.71
../dominating_set_benchmark/dominating_set_dynamic.lp;instances/size_15/probability_0.25/instance_n15_p0.25_020.lp;14.0;1.0;9.0;5.0;2.0;60.0;1.0;1.0;weak;min-degree;7.0;4.90;5.10;4.95;5.13;5.70
../dominating_set_benchmark/dominating_set_dynamic.lp;instances/size_15/probability_0.25/instance_n15_p0.25_020.lp;14.0;1.0;9.0;5.0;2.0;60.0;1.0;0.0;weak;min-degree;7.0;38.69;38.74;37.67;38.54;57.40
../dominating_set_benchmark/dominating_set_dynamic.lp;instances/size_15/probability_0.25/instance_n15_p0.25_020.lp;14.0;1.0;9.0;5.0;2.0;60.0;1.0;0.0;none;min-degree;7.0;3.72;3.75;3.72;3.84;3.85
../dominating_set_benchmark/dominating_set_dynamic.lp;instances/size_20/probability_0.10/instance_n20_p0.10_002.lp;14.0;1.0;9.0;5.0;2.0;42.0;1.0;1.0;semi;min-degree;4.0;0.15;0.15;0.15;0.14;0.15
../dominating_set_benchmark/dominating_set_dynamic.lp;instances/size_20/probability_0.10/instance_n20_p0.10_002.lp;14.0;1.0;9.0;5.0;2.0;42.0;1.0;0.0;semi;min-degree;4.0;11.76;12.12;11.79;12.11;13.13
../dominating_set_benchmark/dominating_set_dynamic.lp;instances/size_20/probability_0.10/instance_n20_p0.10_002.lp;14.0;1.0;9.0;5.0;2.0;42.0;1.0;1.0;weak;min-degree;4.0;0.14;0.18;0.14;0.14;0.15
../dominating_set_benchmark/dominating_set_dynamic.lp;instances/size_20/probability_0.10/instance_n20_p0.10_002.lp;14.0;1.0;9.0;5.0;2.0;42.0;1.0;0.0;weak;min-degree;4.0;9.49;9.74;9.51;9.75;11.26
../dominating_set_benchmark/dominating_set_dynamic.lp;instances/size_20/probability_0.10/instance_n20_p0.10_002.lp;14.0;1.0;9.0;5.0;2.0;42.0;1.0;0.0;none;min-degree;4.0;0.03;0.03;0.02;0.02;0.02
../dominating_set_benchmark/dominating_set_dynamic.lp;instances/size_20/probability_0.10/instance_n20_p0.10_005.lp;14.0;1.0;9.0;5.0;2.0;45.0;1.0;1.0;semi;min-degree;2.0;0.15;0.14;0.14;0.14;0.15
../dominating_set_benchmark/dominating_set_dynamic.lp;instances/size_20/probability_0.10/instance_n20_p0.10_005.lp;14.0;1.0;9.0;5.0;2.0;45.0;1.0;0.0;semi;min-degree;2.0;55.23;58.32;55.30;58.26;73.64
../dominating_set_benchmark/dominating_set_dynamic.lp;instances/size_20/probability_0.10/instance_n20_p0.10_005.lp;14.0;1.0;9.0;5.0;2.0;45.0;1.0;1.0;weak;min-degree;2.0;0.14;0.13;0.13;0.13;0.14
../dominating_set_benchmark/dominating_set_dynamic.lp;instances/size_20/probability_0.10/instance_n20_p0.10_005.lp;14.0;1.0;9.0;5.0;2.0;45.0;1.0;0.0;weak;min-degree;2.0;36.33;38.45;36.17;38.20;49.16
../dominating_set_benchmark/dominating_set_dynamic.lp;instances/size_20/probability_0.10/instance_n20_p0.10_005.lp;14.0;1.0;9.0;5.0;2.0;45.0;1.0;0.0;none;min-degree;3.0;0.01;0.02;0.01;0.01;0.01
../dominating_set_benchmark/dominating_set_dynamic.lp;instances/size_20/probability_0.10/instance_n20_p0.10_006.lp;14.0;1.0;9.0;5.0;2.0;40.0;1.0;1.0;semi;min-degree;5.0;0.10;0.10;0.11;0.10;0.10
../dominating_set_benchmark/dominating_set_dynamic.lp;instances/size_20/probability_0.10/instance_n20_p0.10_006.lp;14.0;1.0;9.0;5.0;2.0;40.0;1.0;0.0;semi;min-degree;5.0;23.12;24.19;23.23;24.67;29.20
../dominating_set_benchmark/dominating_set_dynamic.lp;instances/size_20/probability_0.10/instance_n20_p0.10_006.lp;14.0;1.0;9.0;5.0;2.0;40.0;1.0;1.0;weak;min-degree;5.0;0.11;0.09;0.09;0.09;0.10
../dominating_set_benchmark/dominating_set_dynamic.lp;instances/size_20/probability_0.10/instance_n20_p0.10_006.lp;14.0;1.0;9.0;5.0;2.0;40.0;1.0;0.0;weak;min-degree;5.0;19.58;21.15;19.52;21.01;26.45
../dominating_set_benchmark/dominating_set_dynamic.lp;instances/size_20/probability_0.10/instance_n20_p0.10_006.lp;14.0;1.0;9.0;5.0;2.0;40.0;1.0;0.0;none;min-degree;5.0;0.04;0.04;0.04;0.04;0.04
../dominating_set_benchmark/dominating_set_dynamic.lp;instances/size_20/probability_0.10/instance_n20_p0.10_015.lp;14.0;1.0;9.0;5.0;2.0;39.0;1.0;1.0;semi;min-degree;4.0;0.05;0.05;0.05;0.05;0.06
../dominating_set_benchmark/dominating_set_dynamic.lp;instances/size_20/probability_0.10/instance_n20_p0.10_015.lp;14.0;1.0;9.0;5.0;2.0;39.0;1.0;0.0;semi;min-degree;4.0;16.59;17.33;16.52;17.20;20.31
../dominating_set_benchmark/dominating_set_dynamic.lp;instances/size_20/probability_0.10/instance_n20_p0.10_015.lp;14.0;1.0;9.0;5.0;2.0;39.0;1.0;1.0;weak;min-degree;4.0;0.05;0.05;0.05;0.04;0.05
../dominating_set_benchmark/dominating_set_dynamic.lp;instances/size_20/probability_0.10/instance_n20_p0.10_015.lp;14.0;1.0;9.0;5.0;2.0;39.0;1.0;0.0;weak;min-degree;4.0;14.38;14.94;14.55;15.01;19.16
../dominating_set_benchmark/dominating_set_dynamic.lp;instances/size_20/probability_0.10/instance_n20_p0.10_015.lp;14.0;1.0;9.0;5.0;2.0;39.0;1.0;0.0;none;min-degree;4.0;0.02;0.02;0.02;0.02;0.02
../dominating_set_benchmark/dominating_set_dynamic.lp;instances/size_20/probability_0.10/instance_n20_p0.10_016.lp;14.0;1.0;9.0;5.0;2.0;48.0;1.0;1.0;semi;min-degree;6.0;0.56;0.55;0.55;0.56;0.58
../dominating_set_benchmark/dominating_set_dynamic.lp;instances/size_20/probability_0.10/instance_n20_p0.10_016.lp;14.0;1.0;9.0;5.0;2.0;48.0;1.0;0.0;semi;min-degree;6.0;261.29;333.88;261.66;312.12;457.39
../dominating_set_benchmark/dominating_set_dynamic.lp;instances/size_20/probability_0.10/instance_n20_p0.10_016.lp;14.0;1.0;9.0;5.0;2.0;48.0;1.0;1.0;weak;min-degree;6.0;0.65;0.65;0.65;0.65;0.70
../dominating_set_benchmark/dominating_set_dynamic.lp;instances/size_20/probability_0.10/instance_n20_p0.10_016.lp;14.0;1.0;9.0;5.0;2.0;48.0;1.0;0.0;weak;min-degree;6.0;206.84;250.92;208.07;271.74;409.54
../dominating_set_benchmark/dominating_set_dynamic.lp;instances/size_20/probability_0.10/instance_n20_p0.10_016.lp;14.0;1.0;9.0;5.0;2.0;48.0;1.0;0.0;none;min-degree;6.0;0.02;0.03;0.02;0.02;0.02
../dominating_set_benchmark/dominating_set_dynamic.lp;instances/size_20/probability_0.10/instance_n20_p0.10_018.lp;14.0;1.0;9.0;5.0;2.0;49.0;1.0;1.0;semi;min-degree;5.0;0.23;0.23;0.27;0.26;0.27
../dominating_set_benchmark/dominating_set_dynamic.lp;instances/size_20/probability_0.10/instance_n20_p0.10_018.lp;14.0;1.0;9.0;5.0;2.0;49.0;1.0;0.0;semi;min-degree;5.0;9.66;9.88;9.64;9.84;11.35
../dominating_set_benchmark/dominating_set_dynamic.lp;instances/size_20/probability_0.10/instance_n20_p0.10_018.lp;14.0;1.0;9.0;5.0;2.0;49.0;1.0;1.0;weak;min-degree;5.0;0.22;0.22;0.22;0.22;0.23
../dominating_set_benchmark/dominating_set_dynamic.lp;instances/size_20/probability_0.10/instance_n20_p0.10_018.lp;14.0;1.0;9.0;5.0;2.0;49.0;1.0;0.0;weak;min-degree;5.0;10.03;10.47;10.06;10.46;12.55
../dominating_set_benchmark/dominating_set_dynamic.lp;instances/size_20/probability_0.10/instance_n20_p0.10_018.lp;14.0;1.0;9.0;5.0;2.0;49.0;1.0;0.0;none;min-degree;5.0;0.29;0.29;0.29;0.29;0.29
../dominating_set_benchmark/dominating_set_dynamic.lp;instances/size_20/probability_0.10/instance_n20_p0.10_020.lp;14.0;1.0;9.0;5.0;2.0;45.0;1.0;1.0;semi;min-degree;5.0;0.28;0.28;0.28;0.28;0.29
../dominating_set_benchmark/dominating_set_dynamic.lp;instances/size_20/probability_0.10/instance_n20_p0.10_020.lp;14.0;1.0;9.0;5.0;2.0;45.0;1.0;0.0;semi;min-degree;5.0;22.47;23.21;22.31;23.43;28.25
../dominating_set_benchmark/dominating_set_dynamic.lp;instances/size_20/probability_0.10/instance_n20_p0.10_020.lp;14.0;1.0;9.0;5.0;2.0;45.0;1.0;1.0;weak;min-degree;5.0;0.27;0.27;0.28;0.28;0.29
../dominating_set_benchmark/dominating_set_dynamic.lp;instances/size_20/probability_0.10/instance_n20_p0.10_020.lp;14.0;1.0;9.0;5.0;2.0;45.0;1.0;0.0;weak;min-degree;5.0;18.56;19.32;18.79;19.33;23.97
../dominating_set_benchmark/dominating_set_dynamic.lp;instances/size_20/probability_0.10/instance_n20_p0.10_020.lp;14.0;1.0;9.0;5.0;2.0;45.0;1.0;0.0;none;min-degree;5.0;0.03;0.02;0.03;0.02;0.02
../dominating_set_benchmark/dominating_set_dynamic.lp;instances/size_20/probability_0.15/instance_n20_p0.15_002.lp;14.0;1.0;9.0;5.0;2.0;57.0;1.0;1.0;semi;min-degree;7.0;0.49;0.49;0.50;0.50;0.53
../dominating_set_benchmark/dominating_set_dynamic.lp;instances/size_20/probability_0.15/instance_n20_p0.15_002.lp;14.0;1.0;9.0;5.0;2.0;57.0;1.0;0.0;semi;min-degree;7.0;377.53;427.76;376.01;421.12;679.35
../dominating_set_benchmark/dominating_set_dynamic.lp;instances/size_20/probability_0.15/instance_n20_p0.15_002.lp;14.0;1.0;9.0;5.0;2.0;57.0;1.0;1.0;weak;min-degree;7.0;0.41;0.42;0.41;0.41;0.45
../dominating_set_benchmark/dominating_set_dynamic.lp;instances/size_20/probability_0.15/instance_n20_p0.15_002.lp;14.0;1.0;9.0;5.0;2.0;57.0;1.0;0.0;weak;min-degree;7.0;486.45;603.87;499.35;593.34;1053.37
../dominating_set_benchmark/dominating_set_dynamic.lp;instances/size_20/probability_0.15/instance_n20_p0.15_002.lp;14.0;1.0;9.0;5.0;2.0;57.0;1.0;0.0;none;min-degree;7.0;0.06;0.07;0.06;0.06;0.06
../dominating_set_benchmark/dominating_set_dynamic.lp;instances/size_20/probability_0.15/instance_n20_p0.15_003.lp;14.0;1.0;9.0;5.0;2.0;57.0;1.0;1.0;semi;min-degree;5.0;0.49;0.49;0.49;0.49;0.51
../dominating_set_benchmark/dominating_set_dynamic.lp;instances/size_20/probability_0.15/instance_n20_p0.15_003.lp;14.0;1.0;9.0;5.0;2.0;57.0;1.0;0.0;semi;min-degree;5.0;34.42;35.13;34.40;34.99;39.81
../dominating_set_benchmark/dominating_set_dynamic.lp;instances/size_20/probability_0.15/instance_n20_p0.15_003.lp;14.0;1.0;9.0;5.0;2.0;57.0;1.0;1.0;weak;min-degree;5.0;0.44;0.44;0.44;0.44;0.46
../dominating_set_benchmark/dominating_set_dynamic.lp;instances/size_20/probability_0.15/instance_n20_p0.15_003.lp;14.0;1.0;9.0;5.0;2.0;57.0;1.0;0.0;weak;min-degree;5.0;35.86;36.54;35.89;36.66;43.22
../dominating_set_benchmark/dominating_set_dynamic.lp;instances/size_20/probability_0.15/instance_n20_p0.15_003.lp;14.0;1.0;9.0;5.0;2.0;57.0;1.0;0.0;none;min-degree;5.0;0.04;0.04;0.05;0.05;0.05
../dominating_set_benchmark/dominating_set_dynamic.lp;instances/size_20/probability_0.15/instance_n20_p0.15_004.lp;14.0;1.0;9.0;5.0;2.0;61.0;1.0;1.0;semi;min-degree;7.0;18.11;18.56;18.02;18.10;25.88
../dominating_set_benchmark/dominating_set_dynamic.lp;instances/size_20/probability_0.15/instance_n20_p0.15_004.lp;14.0;1.0;9.0;5.0;2.0;61.0;1.0;0.0;semi;min-degree;7.0;241.44;269.01;243.21;269.33;446.13
../dominating_set_benchmark/dominating_set_dynamic.lp;instances/size_20/probability_0.15/instance_n20_p0.15_004.lp;14.0;1.0;9.0;5.0;2.0;61.0;1.0;1.0;weak;min-degree;7.0;18.25;18.76;18.19;18.82;26.00
../dominating_set_benchmark/dominating_set_dynamic.lp;instances/size_20/probability_0.15/instance_n20_p0.15_004.lp;14.0;1.0;9.0;5.0;2.0;61.0;1.0;0.0;weak;min-degree;7.0;185.24;208.26;188.90;200.30;364.85
../dominating_set_benchmark/dominating_set_dynamic.lp;instances/size_20/probability_0.15/instance_n20_p0.15_004.lp;14.0;1.0;9.0;5.0;2.0;61.0;1.0;0.0;none;min-degree;7.0;1.74;1.81;1.78;1.82;2.24
../dominating_set_benchmark/dominating_set_dynamic.lp;instances/size_20/probability_0.15/instance_n20_p0.15_005.lp;14.0;1.0;9.0;5.0;2.0;50.0;1.0;1.0;semi;min-degree;6.0;0.76;0.76;0.76;0.77;0.81
../dominating_set_benchmark/dominating_set_dynamic.lp;instances/size_20/probability_0.15/instance_n20_p0.15_005.lp;14.0;1.0;9.0;5.0;2.0;50.0;1.0;0.0;semi;min-degree;6.0;94.90;98.60;94.67;98.95;131.64
../dominating_set_benchmark/dominating_set_dynamic.lp;instances/size_20/probability_0.15/instance_n20_p0.15_005.lp;14.0;1.0;9.0;5.0;2.0;50.0;1.0;1.0;weak;min-degree;6.0;0.65;0.64;0.63;0.64;0.68
../dominating_set_benchmark/dominating_set_dynamic.lp;instances/size_20/probability_0.15/instance_n20_p0.15_005.lp;14.0;1.0;9.0;5.0;2.0;50.0;1.0;0.0;weak;min-degree;6.0;99.10;103.76;97.76;104.60;147.65
../dominating_set_benchmark/dominating_set_dynamic.lp;instances/size_20/probability_0.15/instance_n20_p0.15_005.lp;14.0;1.0;9.0;5.0;2.0;50.0;1.0;0.0;none;min-degree;6.0;1.15;1.13;1.14;1.15;1.10
../dominating_set_benchmark/dominating_set_dynamic.lp;instances/size_20/probability_0.15/instance_n20_p0.15_006.lp;14.0;1.0;9.0;5.0;2.0;59.0;1.0;1.0;semi;min-degree;7.0;0.86;0.86;0.85;0.86;0.90
../dominating_set_benchmark/dominating_set_dynamic.lp;instances/size_20/probability_0.15/instance_n20_p0.15_006.lp;14.0;1.0;9.0;5.0;2.0;59.0;1.0;0.0;semi;min-degree;7.0;69.99;72.03;69.95;71.54;97.61
../dominating_set_benchmark/dominating_set_dynamic.lp;instances/size_20/probability_0.15/instance_n20_p0.15_006.lp;14.0;1.0;9.0;5.0;2.0;59.0;1.0;1.0;weak;min-degree;7.0;1.42;1.43;1.40;1.43;1.47
../dominating_set_benchmark/dominating_set_dynamic.lp;instances/size_20/probability_0.15/instance_n20_p0.15_006.lp;14.0;1.0;9.0;5.0;2.0;59.0;1.0;0.0;weak;min-degree;7.0;120.04;126.82;120.76;127.24;218.00
../dominating_set_benchmark/dominating_set_dynamic.lp;instances/size_20/probability_0.15/instance_n20_p0.15_006.lp;14.0;1.0;9.0;5.0;2.0;59.0;1.0;0.0;none;min-degree;7.0;0.08;0.07;0.08;0.08;0.08
../dominating_set_benchmark/dominating_set_dynamic.lp;instances/size_20/probability_0.15/instance_n20_p0.15_007.lp;14.0;1.0;9.0;5.0;2.0;69.0;1.0;1.0;semi;min-degree;7.0;4.18;3.71;3.68;3.73;4.17
../dominating_set_benchmark/dominating_set_dynamic.lp;instances/size_20/probability_0.15/instance_n20_p0.15_007.lp;14.0;1.0;9.0;5.0;2.0;69.0;1.0;0.0;semi;min-degree;7.0;592.10;710.67;555.20;729.42;1178.81
../dominating_set_benchmark/dominating_set_dynamic.lp;instances/size_20/probability_0.15/instance_n20_p0.15_007.lp;14.0;1.0;9.0;5.0;2.0;69.0;1.0;1.0;weak;min-degree;7.0;3.88;3.95;3.87;3.91;4.44
../dominating_set_benchmark/dominating_set_dynamic.lp;instances/size_20/probability_0.15/instance_n20_p0.15_007.lp;14.0;1.0;9.0;5.0;2.0;69.0;1.0;0.0;weak;min-degree;7.0;619.12;818.38;675.53;796.01;983.64
../dominating_set_benchmark/dominating_set_dynamic.lp;instances/size_20/probability_0.15/instance_n20_p0.15_007.lp;14.0;1.0;9.0;5.0;2.0;69.0;1.0;0.0;none;min-degree;7.0;0.25;0.26;0.25;0.25;0.25
../dominating_set_benchmark/dominating_set_dynamic.lp;instances/size_20/probability_0.15/instance_n20_p0.15_010.lp;14.0;1.0;9.0;5.0;2.0;45.0;1.0;1.0;semi;min-degree;5.0;0.08;0.07;0.07;0.08;0.08
../dominating_set_benchmark/dominating_set_dynamic.lp;instances/size_20/probability_0.15/instance_n20_p0.15_010.lp;14.0;1.0;9.0;5.0;2.0;45.0;1.0;0.0;semi;min-degree;5.0;21.04;21.81;20.62;21.74;25.80
../dominating_set_benchmark/dominating_set_dynamic.lp;instances/size_20/probability_0.15/instance_n20_p0.15_010.lp;14.0;1.0;9.0;5.0;2.0;45.0;1.0;1.0;weak;min-degree;5.0;0.24;0.24;0.24;0.24;0.26
../dominating_set_benchmark/dominating_set_dynamic.lp;instances/size_20/probability_0.15/instance_n20_p0.15_010.lp;14.0;1.0;9.0;5.0;2.0;45.0;1.0;0.0;weak;min-degree;5.0;23.88;24.76;23.87;24.95;35.11
../dominating_set_benchmark/dominating_set_dynamic.lp;instances/size_20/probability_0.15/instance_n20_p0.15_010.lp;14.0;1.0;9.0;5.0;2.0;45.0;1.0;0.0;none;min-degree;5.0;0.02;0.02;0.02;0.02;0.02
../dominating_set_benchmark/dominating_set_dynamic.lp;instances/size_20/probability_0.15/instance_n20_p0.15_011.lp;14.0;1.0;9.0;5.0;2.0;50.0;1.0;1.0;semi;min-degree;6.0;1.07;1.10;1.07;1.10;1.19
../dominating_set_benchmark/dominating_set_dynamic.lp;instances/size_20/probability_0.15/instance_n20_p0.15_011.lp;14.0;1.0;9.0;5.0;2.0;50.0;1.0;0.0;semi;min-degree;6.0;142.16;169.72;143.95;170.29;248.67
../dominating_set_benchmark/dominating_set_dynamic.lp;instances/size_20/probability_0.15/instance_n20_p0.15_011.lp;14.0;1.0;9.0;5.0;2.0;50.0;1.0;1.0;weak;min-degree;6.0;1.04;1.05;1.04;1.05;1.17
../dominating_set_benchmark/dominating_set_dynamic.lp;instances/size_20/probability_0.15/instance_n20_p0.15_011.lp;14.0;1.0;9.0;5.0;2.0;50.0;1.0;0.0;weak;min-degree;6.0;137.09;171.93;131.48;169.86;332.79
../dominating_set_benchmark/dominating_set_dynamic.lp;instances/size_20/probability_0.15/instance_n20_p0.15_011.lp;14.0;1.0;9.0;5.0;2.0;50.0;1.0;0.0;none;min-degree;6.0;0.47;0.47;0.48;0.47;0.47
../dominating_set_benchmark/dominating_set_dynamic.lp;instances/size_20/probability_0.15/instance_n20_p0.15_013.lp;14.0;1.0;9.0;5.0;2.0;54.0;1.0;1.0;semi;min-degree;6.0;0.41;0.41;0.41;0.41;0.45
../dominating_set_benchmark/dominating_set_dynamic.lp;instances/size_20/probability_0.15/instance_n20_p0.15_013.lp;14.0;1.0;9.0;5.0;2.0;54.0;1.0;0.0;semi;min-degree;6.0;79.33;85.23;80.00;85.25;114.02
../dominating_set_benchmark/dominating_set_dynamic.lp;instances/size_20/probability_0.15/instance_n20_p0.15_013.lp;14.0;1.0;9.0;5.0;2.0;54.0;1.0;1.0;weak;min-degree;6.0;0.42;0.42;0.42;0.42;0.45
../dominating_set_benchmark/dominating_set_dynamic.lp;instances/size_20/probability_0.15/instance_n20_p0.15_013.lp;14.0;1.0;9.0;5.0;2.0;54.0;1.0;0.0;weak;min-degree;6.0;86.15;95.84;85.98;95.45;145.27
../dominating_set_benchmark/dominating_set_dynamic.lp;instances/size_20/probability_0.15/instance_n20_p0.15_013.lp;14.0;1.0;9.0;5.0;2.0;54.0;1.0;0.0;none;min-degree;6.0;0.27;0.28;0.28;0.27;0.28
../dominating_set_benchmark/dominating_set_dynamic.lp;instances/size_20/probability_0.15/instance_n20_p0.15_014.lp;14.0;1.0;9.0;5.0;2.0;50.0;1.0;1.0;semi;min-degree;7.0;0.01;0.01;0.01;0.01;0.01
../dominating_set_benchmark/dominating_set_dynamic.lp;instances/size_20/probability_0.15/instance_n20_p0.15_014.lp;14.0;1.0;9.0;5.0;2.0;50.0;1.0;0.0;semi;min-degree;7.0;224.53;240.56;224.98;257.57;424.41
../dominating_set_benchmark/dominating_set_dynamic.lp;instances/size_20/probability_0.15/instance_n20_p0.15_014.lp;14.0;1.0;9.0;5.0;2.0;50.0;1.0;1.0;weak;min-degree;7.0;0.02;0.02;0.02;0.02;0.01
../dominating_set_benchmark/dominating_set_dynamic.lp;instances/size_20/probability_0.15/instance_n20_p0.15_014.lp;14.0;1.0;9.0;5.0;2.0;50.0;1.0;0.0;weak;min-degree;7.0;343.73;380.59;351.00;428.02;439.27
../dominating_set_benchmark/dominating_set_dynamic.lp;instances/size_20/probability_0.15/instance_n20_p0.15_014.lp;14.0;1.0;9.0;5.0;2.0;50.0;1.0;0.0;none;min-degree;7.0;0.02;0.02;0.02;0.02;0.02
../dominating_set_benchmark/dominating_set_dynamic.lp;instances/size_20/probability_0.15/instance_n20_p0.15_015.lp;14.0;1.0;9.0;5.0;2.0;63.0;1.0;1.0;semi;min-degree;7.0;0.04;0.04;0.04;0.03;0.03
../dominating_set_benchmark/dominating_set_dynamic.lp;instances/size_20/probability_0.15/instance_n20_p0.15_015.lp;14.0;1.0;9.0;5.0;2.0;63.0;1.0;0.0;semi;min-degree;7.0;43.75;43.47;43.55;43.72;55.06
../dominating_set_benchmark/dominating_set_dynamic.lp;instances/size_20/probability_0.15/instance_n20_p0.15_015.lp;14.0;1.0;9.0;5.0;2.0;63.0;1.0;1.0;weak;min-degree;7.0;3.88;3.89;3.95;3.86;3.99
../dominating_set_benchmark/dominating_set_dynamic.lp;instances/size_20/probability_0.15/instance_n20_p0.15_015.lp;14.0;1.0;9.0;5.0;2.0;63.0;1.0;0.0;weak;min-degree;7.0;61.45;63.42;61.95;63.04;93.23
../dominating_set_benchmark/dominating_set_dynamic.lp;instances/size_20/probability_0.15/instance_n20_p0.15_015.lp;14.0;1.0;9.0;5.0;2.0;63.0;1.0;0.0;none;min-degree;7.0;0.01;0.01;0.01;0.01;0.01
../dominating_set_benchmark/dominating_set_dynamic.lp;instances/size_20/probability_0.15/instance_n20_p0.15_016.lp;14.0;1.0;9.0;5.0;2.0;58.0;1.0;1.0;semi;min-degree;7.0;0.01;0.01;0.01;0.01;0.01
../dominating_set_benchmark/dominating_set_dynamic.lp;instances/size_20/probability_0.15/instance_n20_p0.15_016.lp;14.0;1.0;9.0;5.0;2.0;58.0;1.0;0.0;semi;min-degree;7.0;261.89;277.15;263.09;289.19;472.45
../dominating_set_benchmark/dominating_set_dynamic.lp;instances/size_20/probability_0.15/instance_n20_p0.15_016.lp;14.0;1.0;9.0;5.0;2.0;58.0;1.0;1.0;weak;min-degree;7.0;0.03;0.02;0.02;0.02;0.02
../dominating_set_benchmark/dominating_set_dynamic.lp;instances/size_20/probability_0.15/instance_n20_p0.15_016.lp;14.0;1.0;9.0;5.0;2.0;58.0;1.0;0.0;weak;min-degree;7.0;444.80;591.40;497.37;552.37;605.87
../dominating_set_benchmark/dominating_set_dynamic.lp;instances/size_20/probability_0.15/instance_n20_p0.15_016.lp;14.0;1.0;9.0;5.0;2.0;58.0;1.0;0.0;none;min-degree;7.0;0.08;0.08;0.07;0.07;0.08
../dominating_set_benchmark/dominating_set_dynamic.lp;instances/size_20/probability_0.15/instance_n20_p0.15_017.lp;14.0;1.0;9.0;5.0;2.0;54.0;1.0;1.0;semi;min-degree;5.0;0.38;0.38;0.38;0.38;0.41
../dominating_set_benchmark/dominating_set_dynamic.lp;instances/size_20/probability_0.15/instance_n20_p0.15_017.lp;14.0;1.0;9.0;5.0;2.0;54.0;1.0;0.0;semi;min-degree;5.0;36.83;37.80;36.88;37.79;46.95
../dominating_set_benchmark/dominating_set_dynamic.lp;instances/size_20/probability_0.15/instance_n20_p0.15_017.lp;14.0;1.0;9.0;5.0;2.0;54.0;1.0;1.0;weak;min-degree;5.0;0.46;0.46;0.45;0.45;0.48
../dominating_set_benchmark/dominating_set_dynamic.lp;instances/size_20/probability_0.15/instance_n20_p0.15_017.lp;14.0;1.0;9.0;5.0;2.0;54.0;1.0;0.0;weak;min-degree;5.0;37.45;39.38;37.40;39.08;52.10
../dominating_set_benchmark/dominating_set_dynamic.lp;instances/size_20/probability_0.15/instance_n20_p0.15_017.lp;14.0;1.0;9.0;5.0;2.0;54.0;1.0;0.0;none;min-degree;5.0;0.08;0.08;0.07;0.07;0.08
../dominating_set_benchmark/dominating_set_dynamic.lp;instances/size_20/probability_0.15/instance_n20_p0.15_018.lp;14.0;1.0;9.0;5.0;2.0;55.0;1.0;1.0;semi;min-degree;5.0;0.12;0.13;0.13;0.12;0.13
../dominating_set_benchmark/dominating_set_dynamic.lp;instances/size_20/probability_0.15/instance_n20_p0.15_018.lp;14.0;1.0;9.0;5.0;2.0;55.0;1.0;0.0;semi;min-degree;5.0;22.57;22.83;22.71;22.77;25.25
../dominating_set_benchmark/dominating_set_dynamic.lp;instances/size_20/probability_0.15/instance_n20_p0.15_018.lp;14.0;1.0;9.0;5.0;2.0;55.0;1.0;1.0;weak;min-degree;5.0;0.13;0.12;0.12;0.12;0.15
../dominating_set_benchmark/dominating_set_dynamic.lp;instances/size_20/probability_0.15/instance_n20_p0.15_018.lp;14.0;1.0;9.0;5.0;2.0;55.0;1.0;0.0;weak;min-degree;5.0;24.03;24.24;23.87;24.24;27.80
../dominating_set_benchmark/dominating_set_dynamic.lp;instances/size_20/probability_0.15/instance_n20_p0.15_018.lp;14.0;1.0;9.0;5.0;2.0;55.0;1.0;0.0;none;min-degree;5.0;0.01;0.01;0.01;0.02;0.01
../dominating_set_benchmark/dominating_set_dynamic.lp;instances/size_20/probability_0.15/instance_n20_p0.15_019.lp;14.0;1.0;9.0;5.0;2.0;57.0;1.0;1.0;semi;min-degree;7.0;1.32;1.33;1.33;1.32;1.36
../dominating_set_benchmark/dominating_set_dynamic.lp;instances/size_20/probability_0.15/instance_n20_p0.15_019.lp;14.0;1.0;9.0;5.0;2.0;57.0;1.0;0.0;semi;min-degree;7.0;178.79;189.38;177.86;189.74;275.85
../dominating_set_benchmark/dominating_set_dynamic.lp;instances/size_20/probability_0.15/instance_n20_p0.15_019.lp;14.0;1.0;9.0;5.0;2.0;57.0;1.0;1.0;weak;min-degree;7.0;3.49;3.50;3.49;3.48;3.53
../dominating_set_benchmark/dominating_set_dynamic.lp;instances/size_20/probability_0.15/instance_n20_p0.15_019.lp;14.0;1.0;9.0;5.0;2.0;57.0;1.0;0.0;weak;min-degree;7.0;206.32;230.00;211.51;226.57;386.44
../dominating_set_benchmark/dominating_set_dynamic.lp;instances/size_20/probability_0.15/instance_n20_p0.15_019.lp;14.0;1.0;9.0;5.0;2.0;57.0;1.0;0.0;none;min-degree;7.0;0.05;0.05;0.05;0.05;0.05
../dominating_set_benchmark/dominating_set_dynamic.lp;instances/size_20/probability_0.15/instance_n20_p0.15_020.lp;14.0;1.0;9.0;5.0;2.0;51.0;1.0;1.0;semi;min-degree;6.0;3.59;3.65;3.55;3.65;4.02
../dominating_set_benchmark/dominating_set_dynamic.lp;instances/size_20/probability_0.15/instance_n20_p0.15_020.lp;14.0;1.0;9.0;5.0;2.0;51.0;1.0;0.0;semi;min-degree;6.0;66.56;68.64;66.75;68.87;88.03
../dominating_set_benchmark/dominating_set_dynamic.lp;instances/size_20/probability_0.15/instance_n20_p0.15_020.lp;14.0;1.0;9.0;5.0;2.0;51.0;1.0;1.0;weak;min-degree;6.0;3.56;3.61;3.54;3.59;4.11
../dominating_set_benchmark/dominating_set_dynamic.lp;instances/size_20/probability_0.15/instance_n20_p0.15_020.lp;14.0;1.0;9.0;5.0;2.0;51.0;1.0;0.0;weak;min-degree;6.0;92.13;99.29;91.72;98.63;148.56
../dominating_set_benchmark/dominating_set_dynamic.lp;instances/size_20/probability_0.15/instance_n20_p0.15_020.lp;14.0;1.0;9.0;5.0;2.0;51.0;1.0;0.0;none;min-degree;6.0;3.83;3.88;3.84;3.84;3.80
../dominating_set_benchmark/dominating_set_dynamic.lp;instances/size_20/probability_0.20/instance_n20_p0.20_001.lp;14.0;1.0;9.0;5.0;2.0;75.0;1.0;1.0;semi;min-degree;7.0;5.02;5.23;5.42;5.23;5.67
../dominating_set_benchmark/dominating_set_dynamic.lp;instances/size_20/probability_0.20/instance_n20_p0.20_001.lp;14.0;1.0;9.0;5.0;2.0;75.0;1.0;0.0;semi;min-degree;7.0;690.87;844.43;756.04;815.19;1251.91
../dominating_set_benchmark/dominating_set_dynamic.lp;instances/size_20/probability_0.20/instance_n20_p0.20_001.lp;14.0;1.0;9.0;5.0;2.0;75.0;1.0;1.0;weak;min-degree;7.0;5.79;6.06;5.85;5.98;6.50
../dominating_set_benchmark/dominating_set_dynamic.lp;instances/size_20/probability_0.20/instance_n20_p0.20_001.lp;14.0;1.0;9.0;5.0;2.0;75.0;1.0;0.0;weak;min-degree;7.0;939.19;1053.73;884.63;1052.54;1229.49
../dominating_set_benchmark/dominating_set_dynamic.lp;instances/size_20/probability_0.20/instance_n20_p0.20_001.lp;14.0;1.0;9.0;5.0;2.0;75.0;1.0;0.0;none;min-degree;7.0;0.36;0.35;0.35;0.36;0.35
../dominating_set_benchmark/dominating_set_dynamic.lp;instances/size_20/probability_0.20/instance_n20_p0.20_006.lp;14.0;1.0;9.0;5.0;2.0;55.0;1.0;1.0;semi;min-degree;5.0;0.30;0.30;0.31;0.31;0.33
../dominating_set_benchmark/dominating_set_dynamic.lp;instances/size_20/probability_0.20/instance_n20_p0.20_006.lp;14.0;1.0;9.0;5.0;2.0;55.0;1.0;0.0;semi;min-degree;5.0;12.25;12.36;12.23;12.34;14.31
../dominating_set_benchmark/dominating_set_dynamic.lp;instances/size_20/probability_0.20/instance_n20_p0.20_006.lp;14.0;1.0;9.0;5.0;2.0;55.0;1.0;1.0;weak;min-degree;5.0;0.28;0.27;0.27;0.27;0.29
../dominating_set_benchmark/dominating_set_dynamic.lp;instances/size_20/probability_0.20/instance_n20_p0.20_006.lp;14.0;1.0;9.0;5.0;2.0;55.0;1.0;0.0;weak;min-degree;5.0;16.65;16.94;16.49;16.81;23.39
../dominating_set_benchmark/dominating_set_dynamic.lp;instances/size_20/probability_0.20/instance_n20_p0.20_006.lp;14.0;1.0;9.0;5.0;2.0;55.0;1.0;0.0;none;min-degree;5.0;0.07;0.08;0.07;0.07;0.07
../dominating_set_benchmark/dominating_set_dynamic.lp;instances/size_20/probability_0.20/instance_n20_p0.20_008.lp;14.0;1.0;9.0;5.0;2.0;73.0;1.0;1.0;semi;min-degree;7.0;3.84;3.86;3.81;3.86;4.34
../dominating_set_benchmark/dominating_set_dynamic.lp;instances/size_20/probability_0.20/instance_n20_p0.20_008.lp;14.0;1.0;9.0;5.0;2.0;73.0;1.0;0.0;semi;min-degree;7.0;241.12;264.78;240.09;270.20;408.23
../dominating_set_benchmark/dominating_set_dynamic.lp;instances/size_20/probability_0.20/instance_n20_p0.20_008.lp;14.0;1.0;9.0;5.0;2.0;73.0;1.0;1.0;weak;min-degree;7.0;4.64;4.68;4.62;4.67;5.20
../dominating_set_benchmark/dominating_set_dynamic.lp;instances/size_20/probability_0.20/instance_n20_p0.20_008.lp;14.0;1.0;9.0;5.0;2.0;73.0;1.0;0.0;weak;min-degree;7.0;254.23;280.59;253.39;278.77;470.03
../dominating_set_benchmark/dominating_set_dynamic.lp;instances/size_20/probability_0.20/instance_n20_p0.20_008.lp;14.0;1.0;9.0;5.0;2.0;73.0;1.0;0.0;none;min-degree;7.0;0.08;0.08;0.07;0.07;0.08
../dominating_set_benchmark/dominating_set_dynamic.lp;instances/size_20/probability_0.20/instance_n20_p0.20_013.lp;14.0;1.0;9.0;5.0;2.0;74.0;1.0;1.0;semi;min-degree;8.0;26.77;27.46;26.72;27.44;36.20
../dominating_set_benchmark/dominating_set_dynamic.lp;instances/size_20/probability_0.20/instance_n20_p0.20_013.lp;14.0;1.0;9.0;5.0;2.0;74.0;1.0;0.0;semi;min-degree;8.0;621.18;661.32;673.08;664.76;1105.02
../dominating_set_benchmark/dominating_set_dynamic.lp;instances/size_20/probability_0.20/instance_n20_p0.20_013.lp;14.0;1.0;9.0;5.0;2.0;74.0;1.0;1.0;weak;min-degree;8.0;29.42;30.49;29.25;30.25;38.64
../dominating_set_benchmark/dominating_set_dynamic.lp;instances/size_20/probability_0.20/instance_n20_p0.20_013.lp;14.0;1.0;9.0;5.0;2.0;74.0;1.0;0.0;weak;min-degree;8.0;809.13;999.30;806.00;1088.60;913.86
../dominating_set_benchmark/dominating_set_dynamic.lp;instances/size_20/probability_0.20/instance_n20_p0.20_013.lp;14.0;1.0;9.0;5.0;2.0;74.0;1.0;0.0;none;min-degree;8.0;1.87;1.88;1.87;1.89;2.38
../dominating_set_benchmark/dominating_set_dynamic.lp;instances/size_20/probability_0.20/instance_n20_p0.20_015.lp;14.0;1.0;9.0;5.0;2.0;63.0;1.0;1.0;semi;min-degree;6.0;4.81;4.82;4.81;4.81;5.15
../dominating_set_benchmark/dominating_set_dynamic.lp;instances/size_20/probability_0.20/instance_n20_p0.20_015.lp;14.0;1.0;9.0;5.0;2.0;63.0;1.0;0.0;semi;min-degree;6.0;456.32;515.75;459.80;513.60;850.44
../dominating_set_benchmark/dominating_set_dynamic.lp;instances/size_20/probability_0.20/instance_n20_p0.20_015.lp;14.0;1.0;9.0;5.0;2.0;63.0;1.0;1.0;weak;min-degree;6.0;6.39;6.38;6.32;6.37;6.93
../dominating_set_benchmark/dominating_set_dynamic.lp;instances/size_20/probability_0.20/instance_n20_p0.20_015.lp;14.0;1.0;9.0;5.0;2.0;63.0;1.0;0.0;weak;min-degree;6.0;567.08;695.03;568.78;655.87;1181.63
../dominating_set_benchmark/dominating_set_dynamic.lp;instances/size_20/probability_0.20/instance_n20_p0.20_015.lp;14.0;1.0;9.0;5.0;2.0;63.0;1.0;0.0;none;min-degree;6.0;0.35;0.36;0.35;0.35;0.35
../dominating_set_benchmark/dominating_set_dynamic.lp;instances/size_20/probability_0.20/instance_n20_p0.20_016.lp;14.0;1.0;9.0;5.0;2.0;84.0;1.0;1.0;semi;min-degree;8.0;95.18;101.38;95.52;99.06;137.04
../dominating_set_benchmark/dominating_set_dynamic.lp;instances/size_20/probability_0.20/instance_n20_p0.20_016.lp;14.0;1.0;9.0;5.0;2.0;84.0;1.0;0.0;semi;min-degree;8.0;688.92;792.54;733.08;748.19;1352.10
../dominating_set_benchmark/dominating_set_dynamic.lp;instances/size_20/probability_0.20/instance_n20_p0.20_016.lp;14.0;1.0;9.0;5.0;2.0;84.0;1.0;1.0;weak;min-degree;8.0;94.10;102.91;95.33;97.03;142.60
../dominating_set_benchmark/dominating_set_dynamic.lp;instances/size_20/probability_0.20/instance_n20_p0.20_016.lp;14.0;1.0;9.0;5.0;2.0;84.0;1.0;0.0;weak;min-degree;8.0;865.83;978.67;878.13;883.13;1135.16
../dominating_set_benchmark/dominating_set_dynamic.lp;instances/size_20/probability_0.20/instance_n20_p0.20_016.lp;14.0;1.0;9.0;5.0;2.0;84.0;1.0;0.0;none;min-degree;8.0;26.38;26.79;26.52;27.02;28.64
../dominating_set_benchmark/dominating_set_dynamic.lp;instances/size_20/probability_0.20/instance_n20_p0.20_020.lp;14.0;1.0;9.0;5.0;2.0;64.0;1.0;1.0;semi;min-degree;7.0;0.04;0.04;0.04;0.04;0.05
../dominating_set_benchmark/dominating_set_dynamic.lp;instances/size_20/probability_0.20/instance_n20_p0.20_020.lp;14.0;1.0;9.0;5.0;2.0;64.0;1.0;0.0;semi;min-degree;7.0;492.28;549.18;494.08;540.34;905.53
../dominating_set_benchmark/dominating_set_dynamic.lp;instances/size_20/probability_0.20/instance_n20_p0.20_020.lp;14.0;1.0;9.0;5.0;2.0;64.0;1.0;1.0;weak;min-degree;7.0;0.05;0.05;0.05;0.05;0.05
../dominating_set_benchmark/dominating_set_dynamic.lp;instances/size_20/probability_0.20/instance_n20_p0.20_020.lp;14.0;1.0;9.0;5.0;2.0;64.0;1.0;0.0;weak;min-degree;7.0;574.92;627.26;572.44;610.70;1103.35
../dominating_set_benchmark/dominating_set_dynamic.lp;instances/size_20/probability_0.20/instance_n20_p0.20_020.lp;14.0;1.0;9.0;5.0;2.0;64.0;1.0;0.0;none;min-degree;7.0;2.77;2.82;2.81;2.81;2.73
../dominating_set_benchmark/dominating_set_dynamic.lp;instances/size_20/probability_0.25/instance_n20_p0.25_006.lp;14.0;1.0;9.0;5.0;2.0;87.0;1.0;1.0;semi;min-degree;8.0;16.52;17.05;16.64;16.98;20.37
../dominating_set_benchmark/dominating_set_dynamic.lp;instances/size_20/probability_0.25/instance_n20_p0.25_006.lp;14.0;1.0;9.0;5.0;2.0;87.0;1.0;0.0;semi;min-degree;8.0;344.69;364.99;343.86;372.07;571.50
../dominating_set_benchmark/dominating_set_dynamic.lp;instances/size_20/probability_0.25/instance_n20_p0.25_006.lp;14.0;1.0;9.0;5.0;2.0;87.0;1.0;1.0;weak;min-degree;8.0;19.79;20.48;19.68;20.28;25.00
../dominating_set_benchmark/dominating_set_dynamic.lp;instances/size_20/probability_0.25/instance_n20_p0.25_006.lp;14.0;1.0;9.0;5.0;2.0;87.0;1.0;0.0;weak;min-degree;8.0;525.75;564.21;524.79;555.03;887.73
../dominating_set_benchmark/dominating_set_dynamic.lp;instances/size_20/probability_0.25/instance_n20_p0.25_006.lp;14.0;1.0;9.0;5.0;2.0;87.0;1.0;0.0;none;min-degree;8.0;10.93;11.05;10.95;10.89;10.85
../dominating_set_benchmark/dominating_set_dynamic.lp;instances/size_20/probability_0.25/instance_n20_p0.25_008.lp;14.0;1.0;9.0;5.0;2.0;93.0;1.0;1.0;semi;min-degree;8.0;59.84;63.59;59.71;63.93;77.64
../dominating_set_benchmark/dominating_set_dynamic.lp;instances/size_20/probability_0.25/instance_n20_p0.25_008.lp;14.0;1.0;9.0;5.0;2.0;93.0;1.0;0.0;semi;min-degree;8.0;738.35;755.23;712.21;754.53;1333.80
../dominating_set_benchmark/dominating_set_dynamic.lp;instances/size_20/probability_0.25/instance_n20_p0.25_008.lp;14.0;1.0;9.0;5.0;2.0;93.0;1.0;1.0;weak;min-degree;8.0;56.15;60.72;56.22;60.25;75.19
../dominating_set_benchmark/dominating_set_dynamic.lp;instances/size_20/probability_0.25/instance_n20_p0.25_008.lp;14.0;1.0;9.0;5.0;2.0;93.0;1.0;0.0;weak;min-degree;8.0;947.71;978.88;1010.55;977.04;1160.28
../dominating_set_benchmark/dominating_set_dynamic.lp;instances/size_20/probability_0.25/instance_n20_p0.25_008.lp;14.0;1.0;9.0;5.0;2.0;93.0;1.0;0.0;none;min-degree;8.0;2.32;2.35;2.35;2.36;2.32
../dominating_set_benchmark/dominating_set_dynamic.lp;instances/size_20/probability_0.25/instance_n20_p0.25_016.lp;14.0;1.0;9.0;5.0;2.0;91.0;1.0;1.0;semi;min-degree;8.0;30.01;30.41;29.98;30.54;36.10
../dominating_set_benchmark/dominating_set_dynamic.lp;instances/size_20/probability_0.25/instance_n20_p0.25_016.lp;14.0;1.0;9.0;5.0;2.0;91.0;1.0;0.0;semi;min-degree;8.0;475.23;499.69;474.01;522.41;799.66
../dominating_set_benchmark/dominating_set_dynamic.lp;instances/size_20/probability_0.25/instance_n20_p0.25_016.lp;14.0;1.0;9.0;5.0;2.0;91.0;1.0;1.0;weak;min-degree;8.0;60.24;62.40;60.26;62.91;78.39
../dominating_set_benchmark/dominating_set_dynamic.lp;instances/size_20/probability_0.25/instance_n20_p0.25_016.lp;14.0;1.0;9.0;5.0;2.0;91.0;1.0;0.0;weak;min-degree;8.0;1088.26;1035.34;1074.39;1076.28;1516.39
../dominating_set_benchmark/dominating_set_dynamic.lp;instances/size_20/probability_0.25/instance_n20_p0.25_016.lp;14.0;1.0;9.0;5.0;2.0;91.0;1.0;0.0;none;min-degree;8.0;2.78;2.83;2.78;2.74;2.71
../dominating_set_benchmark/dominating_set_dynamic.lp;instances/size_25/probability_0.05/instance_n25_p0.05_018.lp;14.0;1.0;9.0;5.0;2.0;39.0;1.0;1.0;semi;min-degree;2.0;0.03;0.03;0.02;0.03;0.03
../dominating_set_benchmark/dominating_set_dynamic.lp;instances/size_25/probability_0.05/instance_n25_p0.05_018.lp;14.0;1.0;9.0;5.0;2.0;39.0;1.0;0.0;semi;min-degree;2.0;61.76;61.47;61.96;60.98;64.18
../dominating_set_benchmark/dominating_set_dynamic.lp;instances/size_25/probability_0.05/instance_n25_p0.05_018.lp;14.0;1.0;9.0;5.0;2.0;39.0;1.0;1.0;weak;min-degree;2.0;0.04;0.04;0.04;0.03;0.03
../dominating_set_benchmark/dominating_set_dynamic.lp;instances/size_25/probability_0.05/instance_n25_p0.05_018.lp;14.0;1.0;9.0;5.0;2.0;39.0;1.0;0.0;weak;min-degree;2.0;32.12;32.24;32.26;33.15;35.46
../dominating_set_benchmark/dominating_set_dynamic.lp;instances/size_25/probability_0.05/instance_n25_p0.05_018.lp;14.0;1.0;9.0;5.0;2.0;39.0;1.0;0.0;none;min-degree;3.0;0.02;0.02;0.02;0.02;0.02
../dominating_set_benchmark/dominating_set_dynamic.lp;instances/size_25/probability_0.10/instance_n25_p0.10_002.lp;14.0;1.0;9.0;5.0;2.0;64.0;1.0;1.0;semi;min-degree;7.0;0.06;0.06;0.06;0.06;0.05
../dominating_set_benchmark/dominating_set_dynamic.lp;instances/size_25/probability_0.10/instance_n25_p0.10_002.lp;14.0;1.0;9.0;5.0;2.0;64.0;1.0;0.0;semi;min-degree;7.0;784.02;905.81;774.52;862.93;1116.08
../dominating_set_benchmark/dominating_set_dynamic.lp;instances/size_25/probability_0.10/instance_n25_p0.10_002.lp;14.0;1.0;9.0;5.0;2.0;64.0;1.0;1.0;weak;min-degree;7.0;0.07;0.06;0.06;0.06;0.07
../dominating_set_benchmark/dominating_set_dynamic.lp;instances/size_25/probability_0.10/instance_n25_p0.10_002.lp;14.0;1.0;9.0;5.0;2.0;64.0;1.0;0.0;weak;min-degree;7.0;603.89;609.46;670.75;608.67;601.77
../dominating_set_benchmark/dominating_set_dynamic.lp;instances/size_25/probability_0.10/instance_n25_p0.10_002.lp;14.0;1.0;9.0;5.0;2.0;64.0;1.0;0.0;none;min-degree;7.0;0.03;0.02;0.02;0.02;0.02
../dominating_set_benchmark/dominating_set_dynamic.lp;instances/size_25/probability_0.10/instance_n25_p0.10_003.lp;14.0;1.0;9.0;5.0;2.0;61.0;1.0;1.0;semi;min-degree;7.0;0.05;0.05;0.05;0.05;0.05
../dominating_set_benchmark/dominating_set_dynamic.lp;instances/size_25/probability_0.10/instance_n25_p0.10_003.lp;14.0;1.0;9.0;5.0;2.0;61.0;1.0;0.0;semi;min-degree;7.0;887.49;1003.57;822.04;1005.67;1595.46
../dominating_set_benchmark/dominating_set_dynamic.lp;instances/size_25/probability_0.10/instance_n25_p0.10_003.lp;14.0;1.0;9.0;5.0;2.0;61.0;1.0;1.0;weak;min-degree;7.0;0.05;0.05;0.04;0.05;0.05
../dominating_set_benchmark/dominating_set_dynamic.lp;instances/size_25/probability_0.10/instance_n25_p0.10_003.lp;14.0;1.0;9.0;5.0;2.0;61.0;1.0;0.0;weak;min-degree;7.0;671.38;941.85;664.68;926.25;955.51
../dominating_set_benchmark/dominating_set_dynamic.lp;instances/size_25/probability_0.10/instance_n25_p0.10_003.lp;14.0;1.0;9.0;5.0;2.0;61.0;1.0;0.0;none;min-degree;7.0;0.02;0.02;0.01;0.01;0.02
../dominating_set_benchmark/dominating_set_dynamic.lp;instances/size_25/probability_0.10/instance_n25_p0.10_004.lp;14.0;1.0;9.0;5.0;2.0;65.0;1.0;1.0;semi;min-degree;6.0;1.37;1.33;1.33;1.34;1.44
../dominating_set_benchmark/dominating_set_dynamic.lp;instances/size_25/probability_0.10/instance_n25_p0.10_004.lp;14.0;1.0;9.0;5.0;2.0;65.0;1.0;0.0;semi;min-degree;6.0;371.04;459.60;371.32;466.68;638.37
../dominating_set_benchmark/dominating_set_dynamic.lp;instances/size_25/probability_0.10/instance_n25_p0.10_004.lp;14.0;1.0;9.0;5.0;2.0;65.0;1.0;1.0;weak;min-degree;6.0;1.29;1.33;1.31;1.33;1.47
../dominating_set_benchmark/dominating_set_dynamic.lp;instances/size_25/probability_0.10/instance_n25_p0.10_004.lp;14.0;1.0;9.0;5.0;2.0;65.0;1.0;0.0;weak;min-degree;6.0;264.87;299.75;268.58;297.78;509.61
../dominating_set_benchmark/dominating_set_dynamic.lp;instances/size_25/probability_0.10/instance_n25_p0.10_004.lp;14.0;1.0;9.0;5.0;2.0;65.0;1.0;0.0;none;min-degree;6.0;0.08;0.07;0.07;0.07;0.08
../dominating_set_benchmark/dominating_set_dynamic.lp;instances/size_25/probability_0.10/instance_n25_p0.10_006.lp;14.0;1.0;9.0;5.0;2.0;50.0;1.0;1.0;semi;min-degree;6.0;0.14;0.14;0.14;0.14;0.15
../dominating_set_benchmark/dominating_set_dynamic.lp;instances/size_25/probability_0.10/instance_n25_p0.10_006.lp;14.0;1.0;9.0;5.0;2.0;50.0;1.0;0.0;semi;min-degree;6.0;144.97;152.10;142.33;152.38;213.28
../dominating_set_benchmark/dominating_set_dynamic.lp;instances/size_25/probability_0.10/instance_n25_p0.10_006.lp;14.0;1.0;9.0;5.0;2.0;50.0;1.0;1.0;weak;min-degree;6.0;0.14;0.13;0.13;0.13;0.15
../dominating_set_benchmark/dominating_set_dynamic.lp;instances/size_25/probability_0.10/instance_n25_p0.10_006.lp;14.0;1.0;9.0;5.0;2.0;50.0;1.0;0.0;weak;min-degree;6.0;105.96;113.17;106.60;112.56;156.10
../dominating_set_benchmark/dominating_set_dynamic.lp;instances/size_25/probability_0.10/instance_n25_p0.10_006.lp;14.0;1.0;9.0;5.0;2.0;50.0;1.0;0.0;none;min-degree;6.0;0.09;0.09;0.08;0.08;0.08
../dominating_set_benchmark/dominating_set_dynamic.lp;instances/size_25/probability_0.10/instance_n25_p0.10_007.lp;14.0;1.0;9.0;5.0;2.0;58.0;1.0;1.0;semi;min-degree;7.0;0.31;0.31;0.31;0.31;0.33
../dominating_set_benchmark/dominating_set_dynamic.lp;instances/size_25/probability_0.10/instance_n25_p0.10_007.lp;14.0;1.0;9.0;5.0;2.0;58.0;1.0;0.0;semi;min-degree;7.0;340.32;387.55;337.41;388.08;590.12
../dominating_set_benchmark/dominating_set_dynamic.lp;instances/size_25/probability_0.10/instance_n25_p0.10_007.lp;14.0;1.0;9.0;5.0;2.0;58.0;1.0;1.0;weak;min-degree;7.0;0.13;0.13;0.13;0.12;0.15
../dominating_set_benchmark/dominating_set_dynamic.lp;instances/size_25/probability_0.10/instance_n25_p0.10_007.lp;14.0;1.0;9.0;5.0;2.0;58.0;1.0;0.0;weak;min-degree;7.0;805.65;767.70;832.05;807.75;761.93
../dominating_set_benchmark/dominating_set_dynamic.lp;instances/size_25/probability_0.10/instance_n25_p0.10_007.lp;14.0;1.0;9.0;5.0;2.0;58.0;1.0;0.0;none;min-degree;7.0;0.16;0.16;0.16;0.16;0.16
../dominating_set_benchmark/dominating_set_dynamic.lp;instances/size_25/probability_0.10/instance_n25_p0.10_008.lp;14.0;1.0;9.0;5.0;2.0;56.0;1.0;1.0;semi;min-degree;5.0;0.01;0.01;0.01;0.01;0.01
../dominating_set_benchmark/dominating_set_dynamic.lp;instances/size_25/probability_0.10/instance_n25_p0.10_008.lp;14.0;1.0;9.0;5.0;2.0;56.0;1.0;0.0;semi;min-degree;5.0;137.27;137.71;137.30;137.86;140.64
../dominating_set_benchmark/dominating_set_dynamic.lp;instances/size_25/probability_0.10/instance_n25_p0.10_008.lp;14.0;1.0;9.0;5.0;2.0;56.0;1.0;1.0;weak;min-degree;5.0;0.01;0.01;0.01;0.01;0.01
../dominating_set_benchmark/dominating_set_dynamic.lp;instances/size_25/probability_0.10/instance_n25_p0.10_008.lp;14.0;1.0;9.0;5.0;2.0;56.0;1.0;0.0;weak;min-degree;5.0;93.99;94.64;94.00;94.77;100.79
../dominating_set_benchmark/dominating_set_dynamic.lp;instances/size_25/probability_0.10/instance_n25_p0.10_008.lp;14.0;1.0;9.0;5.0;2.0;56.0;1.0;0.0;none;min-degree;5.0;0.03;0.03;0.03;0.03;0.03
../dominating_set_benchmark/dominating_set_dynamic.lp;instances/size_25/probability_0.10/instance_n25_p0.10_009.lp;14.0;1.0;9.0;5.0;2.0;62.0;1.0;1.0;semi;min-degree;8.0;0.05;0.05;0.05;0.05;0.05
../dominating_set_benchmark/dominating_set_dynamic.lp;instances/size_25/probability_0.10/instance_n25_p0.10_009.lp;14.0;1.0;9.0;5.0;2.0;62.0;1.0;0.0;semi;min-degree;8.0;765.33;808.61;781.00;825.44;1323.65
../dominating_set_benchmark/dominating_set_dynamic.lp;instances/size_25/probability_0.10/instance_n25_p0.10_009.lp;14.0;1.0;9.0;5.0;2.0;62.0;1.0;1.0;weak;min-degree;8.0;0.07;0.07;0.07;0.07;0.08
../dominating_set_benchmark/dominating_set_dynamic.lp;instances/size_25/probability_0.10/instance_n25_p0.10_009.lp;14.0;1.0;9.0;5.0;2.0;62.0;1.0;0.0;weak;min-degree;8.0;1439.97;1239.67;1230.17;1275.59;1396.82
../dominating_set_benchmark/dominating_set_dynamic.lp;instances/size_25/probability_0.10/instance_n25_p0.10_009.lp;14.0;1.0;9.0;5.0;2.0;62.0;1.0;0.0;none;min-degree;8.0;0.03;0.03;0.03;0.03;0.03
../dominating_set_benchmark/dominating_set_dynamic.lp;instances/size_25/probability_0.10/instance_n25_p0.10_010.lp;14.0;1.0;9.0;5.0;2.0;54.0;1.0;1.0;semi;min-degree;7.0;0.59;0.59;0.60;0.59;0.63
../dominating_set_benchmark/dominating_set_dynamic.lp;instances/size_25/probability_0.10/instance_n25_p0.10_010.lp;14.0;1.0;9.0;5.0;2.0;54.0;1.0;0.0;semi;min-degree;7.0;592.91;689.04;587.87;718.59;966.18
../dominating_set_benchmark/dominating_set_dynamic.lp;instances/size_25/probability_0.10/instance_n25_p0.10_010.lp;14.0;1.0;9.0;5.0;2.0;54.0;1.0;1.0;weak;min-degree;7.0;0.50;0.49;0.48;0.49;0.55
../dominating_set_benchmark/dominating_set_dynamic.lp;instances/size_25/probability_0.10/instance_n25_p0.10_010.lp;14.0;1.0;9.0;5.0;2.0;54.0;1.0;0.0;weak;min-degree;7.0;633.03;810.69;622.48;774.02;876.68
../dominating_set_benchmark/dominating_set_dynamic.lp;instances/size_25/probability_0.10/instance_n25_p0.10_010.lp;14.0;1.0;9.0;5.0;2.0;54.0;1.0;0.0;none;min-degree;7.0;0.14;0.14;0.14;0.14;0.14
../dominating_set_benchmark/dominating_set_dynamic.lp;instances/size_25/probability_0.10/instance_n25_p0.10_011.lp;14.0;1.0;9.0;5.0;2.0;63.0;1.0;1.0;semi;min-degree;4.0;0.14;0.14;0.14;0.14;0.15
../dominating_set_benchmark/dominating_set_dynamic.lp;instances/size_25/probability_0.10/instance_n25_p0.10_011.lp;14.0;1.0;9.0;5.0;2.0;63.0;1.0;0.0;semi;min-degree;4.0;399.38;408.42;396.57;407.79;472.93
../dominating_set_benchmark/dominating_set_dynamic.lp;instances/size_25/probability_0.10/instance_n25_p0.10_011.lp;14.0;1.0;9.0;5.0;2.0;63.0;1.0;1.0;weak;min-degree;4.0;0.14;0.15;0.14;0.14;0.15
../dominating_set_benchmark/dominating_set_dynamic.lp;instances/size_25/probability_0.10/instance_n25_p0.10_011.lp;14.0;1.0;9.0;5.0;2.0;63.0;1.0;0.0;weak;min-degree;4.0;289.70;297.10;288.78;296.13;343.71
../dominating_set_benchmark/dominating_set_dynamic.lp;instances/size_25/probability_0.10/instance_n25_p0.10_011.lp;14.0;1.0;9.0;5.0;2.0;63.0;1.0;0.0;none;min-degree;4.0;0.04;0.04;0.04;0.04;0.04
../dominating_set_benchmark/dominating_set_dynamic.lp;instances/size_25/probability_0.10/instance_n25_p0.10_012.lp;14.0;1.0;9.0;5.0;2.0;62.0;1.0;1.0;semi;min-degree;7.0;0.16;0.15;0.15;0.15;0.16
../dominating_set_benchmark/dominating_set_dynamic.lp;instances/size_25/probability_0.10/instance_n25_p0.10_012.lp;14.0;1.0;9.0;5.0;2.0;62.0;1.0;0.0;semi;min-degree;7.0;807.03;954.54;801.53;950.46;1440.62
../dominating_set_benchmark/dominating_set_dynamic.lp;instances/size_25/probability_0.10/instance_n25_p0.10_012.lp;14.0;1.0;9.0;5.0;2.0;62.0;1.0;1.0;weak;min-degree;7.0;0.14;0.14;0.14;0.14;0.16
../dominating_set_benchmark/dominating_set_dynamic.lp;instances/size_25/probability_0.10/instance_n25_p0.10_012.lp;14.0;1.0;9.0;5.0;2.0;62.0;1.0;0.0;weak;min-degree;7.0;712.45;911.25;755.51;924.24;965.27
../dominating_set_benchmark/dominating_set_dynamic.lp;instances/size_25/probability_0.10/instance_n25_p0.10_012.lp;14.0;1.0;9.0;5.0;2.0;62.0;1.0;0.0;none;min-degree;7.0;0.02;0.02;0.01;0.01;0.02
../dominating_set_benchmark/dominating_set_dynamic.lp;instances/size_25/probability_0.10/instance_n25_p0.10_013.lp;14.0;1.0;9.0;5.0;2.0;61.0;1.0;1.0;semi;min-degree;5.0;0.58;0.58;0.59;0.58;0.64
../dominating_set_benchmark/dominating_set_dynamic.lp;instances/size_25/probability_0.10/instance_n25_p0.10_013.lp;14.0;1.0;9.0;5.0;2.0;61.0;1.0;0.0;semi;min-degree;5.0;101.23;101.09;101.31;101.24;106.48
../dominating_set_benchmark/dominating_set_dynamic.lp;instances/size_25/probability_0.10/instance_n25_p0.10_013.lp;14.0;1.0;9.0;5.0;2.0;61.0;1.0;1.0;weak;min-degree;5.0;0.63;0.62;0.61;0.62;0.69
../dominating_set_benchmark/dominating_set_dynamic.lp;instances/size_25/probability_0.10/instance_n25_p0.10_013.lp;14.0;1.0;9.0;5.0;2.0;61.0;1.0;0.0;weak;min-degree;5.0;79.22;80.88;79.28;81.72;101.26
../dominating_set_benchmark/dominating_set_dynamic.lp;instances/size_25/probability_0.10/instance_n25_p0.10_013.lp;14.0;1.0;9.0;5.0;2.0;61.0;1.0;0.0;none;min-degree;5.0;0.18;0.17;0.17;0.18;0.18
../dominating_set_benchmark/dominating_set_dynamic.lp;instances/size_25/probability_0.10/instance_n25_p0.10_014.lp;14.0;1.0;9.0;5.0;2.0;67.0;1.0;1.0;semi;min-degree;6.0;0.86;0.88;0.89;0.88;0.94
../dominating_set_benchmark/dominating_set_dynamic.lp;instances/size_25/probability_0.10/instance_n25_p0.10_014.lp;14.0;1.0;9.0;5.0;2.0;67.0;1.0;0.0;semi;min-degree;6.0;727.49;867.28;729.54;860.87;1216.07
../dominating_set_benchmark/dominating_set_dynamic.lp;instances/size_25/probability_0.10/instance_n25_p0.10_014.lp;14.0;1.0;9.0;5.0;2.0;67.0;1.0;1.0;weak;min-degree;6.0;1.02;1.03;1.02;1.03;1.10
../dominating_set_benchmark/dominating_set_dynamic.lp;instances/size_25/probability_0.10/instance_n25_p0.10_014.lp;14.0;1.0;9.0;5.0;2.0;67.0;1.0;0.0;weak;min-degree;6.0;585.72;702.02;589.58;721.66;1045.16
../dominating_set_benchmark/dominating_set_dynamic.lp;instances/size_25/probability_0.10/instance_n25_p0.10_014.lp;14.0;1.0;9.0;5.0;2.0;67.0;1.0;0.0;none;min-degree;6.0;0.11;0.11;0.11;0.11;0.12
../dominating_set_benchmark/dominating_set_dynamic.lp;instances/size_25/probability_0.10/instance_n25_p0.10_015.lp;14.0;1.0;9.0;5.0;2.0;62.0;1.0;1.0;semi;min-degree;7.0;0.02;0.02;0.02;0.02;0.02
../dominating_set_benchmark/dominating_set_dynamic.lp;instances/size_25/probability_0.10/instance_n25_p0.10_015.lp;14.0;1.0;9.0;5.0;2.0;62.0;1.0;0.0;semi;min-degree;7.0;640.07;758.01;680.95;745.31;1198.16
../dominating_set_benchmark/dominating_set_dynamic.lp;instances/size_25/probability_0.10/instance_n25_p0.10_015.lp;14.0;1.0;9.0;5.0;2.0;62.0;1.0;1.0;weak;min-degree;7.0;0.02;0.02;0.03;0.02;0.02
../dominating_set_benchmark/dominating_set_dynamic.lp;instances/size_25/probability_0.10/instance_n25_p0.10_015.lp;14.0;1.0;9.0;5.0;2.0;62.0;1.0;0.0;weak;min-degree;7.0;650.43;791.31;648.00;800.01;1218.53
../dominating_set_benchmark/dominating_set_dynamic.lp;instances/size_25/probability_0.10/instance_n25_p0.10_015.lp;14.0;1.0;9.0;5.0;2.0;62.0;1.0;0.0;none;min-degree;7.0;0.02;0.03;0.03;0.03;0.02
../dominating_set_benchmark/dominating_set_dynamic.lp;instances/size_25/probability_0.10/instance_n25_p0.10_018.lp;14.0;1.0;9.0;5.0;2.0;56.0;1.0;1.0;semi;min-degree;5.0;0.01;0.01;0.02;0.01;0.02
../dominating_set_benchmark/dominating_set_dynamic.lp;instances/size_25/probability_0.10/instance_n25_p0.10_018.lp;14.0;1.0;9.0;5.0;2.0;56.0;1.0;0.0;semi;min-degree;5.0;162.64;168.02;162.97;167.36;178.79
../dominating_set_benchmark/dominating_set_dynamic.lp;instances/size_25/probability_0.10/instance_n25_p0.10_018.lp;14.0;1.0;9.0;5.0;2.0;56.0;1.0;1.0;weak;min-degree;5.0;0.02;0.01;0.01;0.01;0.02
../dominating_set_benchmark/dominating_set_dynamic.lp;instances/size_25/probability_0.10/instance_n25_p0.10_018.lp;14.0;1.0;9.0;5.0;2.0;56.0;1.0;0.0;weak;min-degree;5.0;125.67;130.80;126.22;131.55;170.41
../dominating_set_benchmark/dominating_set_dynamic.lp;instances/size_25/probability_0.10/instance_n25_p0.10_018.lp;14.0;1.0;9.0;5.0;2.0;56.0;1.0;0.0;none;min-degree;5.0;0.02;0.01;0.01;0.01;0.02
../dominating_set_benchmark/dominating_set_dynamic.lp;instances/size_25/probability_0.10/instance_n25_p0.10_020.lp;14.0;1.0;9.0;5.0;2.0;65.0;1.0;1.0;semi;min-degree;6.0;0.01;0.01;0.01;0.01;0.01
../dominating_set_benchmark/dominating_set_dynamic.lp;instances/size_25/probability_0.10/instance_n25_p0.10_020.lp;14.0;1.0;9.0;5.0;2.0;65.0;1.0;0.0;semi;min-degree;6.0;493.77;528.91;470.95;502.15;795.05
../dominating_set_benchmark/dominating_set_dynamic.lp;instances/size_25/probability_0.10/instance_n25_p0.10_020.lp;14.0;1.0;9.0;5.0;2.0;65.0;1.0;1.0;weak;min-degree;6.0;0.01;0.02;0.02;0.02;0.02
../dominating_set_benchmark/dominating_set_dynamic.lp;instances/size_25/probability_0.10/instance_n25_p0.10_020.lp;14.0;1.0;9.0;5.0;2.0;65.0;1.0;0.0;weak;min-degree;6.0;571.29;723.86;571.44;744.87;766.77
../dominating_set_benchmark/dominating_set_dynamic.lp;instances/size_25/probability_0.10/instance_n25_p0.10_020.lp;14.0;1.0;9.0;5.0;2.0;65.0;1.0;0.0;none;min-degree;6.0;0.31;0.31;0.31;0.31;0.31
../dominating_set_benchmark/dominating_set_dynamic.lp;instances/size_25/probability_0.15/instance_n25_p0.15_014.lp;14.0;1.0;9.0;5.0;2.0;66.0;1.0;1.0;semi;min-degree;6.0;0.01;0.01;0.01;0.01;0.01
../dominating_set_benchmark/dominating_set_dynamic.lp;instances/size_25/probability_0.15/instance_n25_p0.15_014.lp;14.0;1.0;9.0;5.0;2.0;66.0;1.0;0.0;semi;min-degree;6.0;305.69;308.95;298.27;307.50;382.81
../dominating_set_benchmark/dominating_set_dynamic.lp;instances/size_25/probability_0.15/instance_n25_p0.15_014.lp;14.0;1.0;9.0;5.0;2.0;66.0;1.0;1.0;weak;min-degree;6.0;0.01;0.01;0.02;0.01;0.01
../dominating_set_benchmark/dominating_set_dynamic.lp;instances/size_25/probability_0.15/instance_n25_p0.15_014.lp;14.0;1.0;9.0;5.0;2.0;66.0;1.0;0.0;weak;min-degree;6.0;346.60;374.58;335.00;383.65;702.94
../dominating_set_benchmark/dominating_set_dynamic.lp;instances/size_25/probability_0.15/instance_n25_p0.15_014.lp;14.0;1.0;9.0;5.0;2.0;66.0;1.0;0.0;none;min-degree;6.0;0.12;0.13;0.12;0.12;0.12
